id,timestamp,user_role,case_id,action,resource_type,result,details
1,2026-09-01T07:58:00,Camp Coordinator,CASE-0001,CASE_CREATED,CASE,SUCCESS,Screening registration opened at Camp-C (Hillside Community Outpost).
2,2026-09-01T09:37:00,Imaging Reviewer,CASE-0001,EVIDENCE_VIEWED,IMAGING,SUCCESS,Reviewed Fundus capture (GOOD).
3,2026-09-03T23:58:00,Case Reviewer,CASE-0001,REVIEW_SUBMITTED,REVIEW,SUCCESS,Clinical decision recorded: CLEAR.
4,2026-08-31T02:38:00,Camp Coordinator,CASE-0002,CASE_CREATED,CASE,SUCCESS,Screening registration opened at Camp-C (Hillside Community Outpost).
5,2026-08-31T03:48:00,Imaging Reviewer,CASE-0002,EVIDENCE_VIEWED,IMAGING,SUCCESS,Reviewed Retinal Image capture (ACCEPTABLE).
6,2026-09-02T21:38:00,Case Reviewer,CASE-0002,REVIEW_SUBMITTED,REVIEW,SUCCESS,Clinical decision recorded: INSUFFICIENT_EVIDENCE.
7,2026-08-31T05:14:00,Camp Coordinator,CASE-0003,CASE_CREATED,CASE,SUCCESS,Screening registration opened at Camp-A (North Valley Health Center).
8,2026-08-31T06:33:00,Imaging Reviewer,CASE-0003,EVIDENCE_VIEWED,IMAGING,SUCCESS,Reviewed Fundus capture (LOW_QUALITY).
9,2026-08-31T06:33:00,Imaging Reviewer,CASE-0003,LOW_QUALITY_DETECTED,IMAGING,WARNING,Sub-threshold quality score (33.7/100) triggered automated flag.
10,2026-09-05T00:14:00,Case Reviewer,CASE-0003,REVIEW_SUBMITTED,REVIEW,SUCCESS,Clinical decision recorded: REVIEW_REQUIRED.
11,2026-07-20T02:42:00,Camp Coordinator,CASE-0004,CASE_CREATED,CASE,SUCCESS,Screening registration opened at Camp-E (Highland Primary Screening).
12,2026-07-20T04:49:00,Imaging Reviewer,CASE-0004,EVIDENCE_VIEWED,IMAGING,SUCCESS,Reviewed Slit Lamp capture (ACCEPTABLE).
13,2026-07-24T03:42:00,Case Reviewer,CASE-0004,REVIEW_SUBMITTED,REVIEW,SUCCESS,Clinical decision recorded: REVIEW_REQUIRED.
14,2026-08-31T01:54:00,Camp Coordinator,CASE-0005,CASE_CREATED,CASE,SUCCESS,Screening registration opened at Camp-A (North Valley Health Center).
15,2026-08-31T04:26:00,Imaging Reviewer,CASE-0005,EVIDENCE_VIEWED,IMAGING,SUCCESS,Reviewed Fundus capture (GOOD).
16,2026-09-05T01:54:00,Case Reviewer,CASE-0005,CONFLICT_DETECTED,CASE,WARNING,Pathology Severe Abnormality vs Imaging Normal detected by clinical rule engine.
17,2026-09-05T01:54:00,Case Reviewer,CASE-0005,REVIEW_SUBMITTED,REVIEW,SUCCESS,Clinical decision recorded: REVIEW_REQUIRED.
18,2026-08-31T07:41:00,Camp Coordinator,CASE-0006,CASE_CREATED,CASE,SUCCESS,Screening registration opened at Camp-D (Riverdale Outreach Hub).
19,2026-08-31T11:18:00,Imaging Reviewer,CASE-0006,EVIDENCE_VIEWED,IMAGING,SUCCESS,Reviewed OCT capture (GOOD).
20,2026-08-31T20:41:00,Administrator,CASE-0006,LINEAGE_ERROR_DETECTED,SPECIMEN,FAILED,Lost specimen accession tag for SPEC-0006 during central lab transport.
21,2026-09-04T22:41:00,Case Reviewer,CASE-0006,REVIEW_SUBMITTED,REVIEW,SUCCESS,Clinical decision recorded: INSUFFICIENT_EVIDENCE.
22,2026-08-09T04:44:00,Camp Coordinator,CASE-0007,CASE_CREATED,CASE,SUCCESS,Screening registration opened at Camp-A (North Valley Health Center).
23,2026-08-09T06:57:00,Imaging Reviewer,CASE-0007,EVIDENCE_VIEWED,IMAGING,SUCCESS,Reviewed Retinal Image capture (GOOD).
24,2026-08-12T01:44:00,Case Reviewer,CASE-0007,REVIEW_SUBMITTED,REVIEW,SUCCESS,Clinical decision recorded: REFER.
25,2026-08-30T03:55:00,Camp Coordinator,CASE-0008,CASE_CREATED,CASE,SUCCESS,Screening registration opened at Camp-E (Highland Primary Screening).
26,2026-08-30T08:15:00,Imaging Reviewer,CASE-0008,EVIDENCE_VIEWED,IMAGING,SUCCESS,Reviewed Retinal Image capture (GOOD).
27,2026-09-03T22:55:00,Case Reviewer,CASE-0008,REVIEW_SUBMITTED,REVIEW,SUCCESS,Clinical decision recorded: REFER.
28,2026-08-24T02:48:00,Camp Coordinator,CASE-0009,CASE_CREATED,CASE,SUCCESS,Screening registration opened at Camp-C (Hillside Community Outpost).
29,2026-08-24T03:56:00,Imaging Reviewer,CASE-0009,EVIDENCE_VIEWED,IMAGING,SUCCESS,Reviewed Fundus capture (GOOD).
30,2026-08-24T17:48:00,Administrator,CASE-0009,LINEAGE_ERROR_DETECTED,SPECIMEN,FAILED,Lost specimen accession tag for SPEC-0009 during central lab transport.
31,2026-08-26T22:48:00,Case Reviewer,CASE-0009,REVIEW_SUBMITTED,REVIEW,SUCCESS,Clinical decision recorded: INSUFFICIENT_EVIDENCE.
32,2026-08-14T02:15:00,Camp Coordinator,CASE-0010,CASE_CREATED,CASE,SUCCESS,Screening registration opened at Camp-E (Highland Primary Screening).
33,2026-08-14T03:40:00,Imaging Reviewer,CASE-0010,EVIDENCE_VIEWED,IMAGING,SUCCESS,Reviewed Fundus capture (ACCEPTABLE).
34,2026-08-17T14:15:00,Case Reviewer,CASE-0010,REVIEW_SUBMITTED,REVIEW,SUCCESS,Clinical decision recorded: REVIEW_REQUIRED.
35,2026-07-21T03:44:00,Camp Coordinator,CASE-0011,CASE_CREATED,CASE,SUCCESS,Screening registration opened at Camp-C (Hillside Community Outpost).
36,2026-07-21T04:49:00,Imaging Reviewer,CASE-0011,EVIDENCE_VIEWED,IMAGING,SUCCESS,Reviewed Retinal Image capture (GOOD).
37,2026-07-24T19:44:00,Case Reviewer,CASE-0011,REVIEW_SUBMITTED,REVIEW,SUCCESS,Clinical decision recorded: REVIEW_REQUIRED.
38,2026-08-26T06:43:00,Camp Coordinator,CASE-0012,CASE_CREATED,CASE,SUCCESS,Screening registration opened at Camp-A (North Valley Health Center).
39,2026-08-26T10:01:00,Imaging Reviewer,CASE-0012,EVIDENCE_VIEWED,IMAGING,SUCCESS,Reviewed Slit Lamp capture (GOOD).
40,2026-08-30T20:43:00,Case Reviewer,CASE-0012,REVIEW_SUBMITTED,REVIEW,SUCCESS,Clinical decision recorded: REVIEW_REQUIRED.
41,2026-08-25T07:03:00,Camp Coordinator,CASE-0013,CASE_CREATED,CASE,SUCCESS,Screening registration opened at Camp-B (Eastern Rural Mobile Clinic).
42,2026-08-25T09:10:00,Imaging Reviewer,CASE-0013,EVIDENCE_VIEWED,IMAGING,SUCCESS,Reviewed Slit Lamp capture (ACCEPTABLE).
43,2026-08-30T01:03:00,Case Reviewer,CASE-0013,REVIEW_SUBMITTED,REVIEW,SUCCESS,Clinical decision recorded: REFER.
44,2026-08-11T02:08:00,Camp Coordinator,CASE-0014,CASE_CREATED,CASE,SUCCESS,Screening registration opened at Camp-B (Eastern Rural Mobile Clinic).
45,2026-08-11T06:27:00,Imaging Reviewer,CASE-0014,EVIDENCE_VIEWED,IMAGING,SUCCESS,Reviewed OCT capture (GOOD).
46,2026-08-14T14:08:00,Case Reviewer,CASE-0014,CONFLICT_DETECTED,CASE,WARNING,Pathology Severe Abnormality vs Imaging Normal detected by clinical rule engine.
47,2026-08-14T14:08:00,Case Reviewer,CASE-0014,REVIEW_SUBMITTED,REVIEW,SUCCESS,Clinical decision recorded: REVIEW_REQUIRED.
48,2026-07-22T00:34:00,Camp Coordinator,CASE-0015,CASE_CREATED,CASE,SUCCESS,Screening registration opened at Camp-E (Highland Primary Screening).
49,2026-07-22T03:41:00,Imaging Reviewer,CASE-0015,EVIDENCE_VIEWED,IMAGING,SUCCESS,Reviewed Fundus capture (GOOD).
50,2026-07-26T19:34:00,Case Reviewer,CASE-0015,REVIEW_SUBMITTED,REVIEW,SUCCESS,Clinical decision recorded: CLEAR.
51,2026-08-13T00:40:00,Camp Coordinator,CASE-0016,CASE_CREATED,CASE,SUCCESS,Screening registration opened at Camp-D (Riverdale Outreach Hub).
52,2026-08-13T04:56:00,Imaging Reviewer,CASE-0016,EVIDENCE_VIEWED,IMAGING,SUCCESS,Reviewed Slit Lamp capture (ACCEPTABLE).
53,2026-08-16T20:40:00,Case Reviewer,CASE-0016,REVIEW_SUBMITTED,REVIEW,SUCCESS,Clinical decision recorded: REVIEW_REQUIRED.
54,2026-07-22T23:38:00,Camp Coordinator,CASE-0017,CASE_CREATED,CASE,SUCCESS,Screening registration opened at Camp-A (North Valley Health Center).
55,2026-07-23T00:58:00,Imaging Reviewer,CASE-0017,EVIDENCE_VIEWED,IMAGING,SUCCESS,Reviewed Retinal Image capture (GOOD).
56,2026-07-25T22:38:00,Case Reviewer,CASE-0017,REVIEW_SUBMITTED,REVIEW,SUCCESS,Clinical decision recorded: REFER.
57,2026-08-25T01:51:00,Camp Coordinator,CASE-0018,CASE_CREATED,CASE,SUCCESS,Screening registration opened at Camp-D (Riverdale Outreach Hub).
58,2026-08-25T06:31:00,Imaging Reviewer,CASE-0018,EVIDENCE_VIEWED,IMAGING,SUCCESS,Reviewed Retinal Image capture (GOOD).
59,2026-08-29T01:51:00,Case Reviewer,CASE-0018,REVIEW_SUBMITTED,REVIEW,SUCCESS,Clinical decision recorded: CLEAR.
60,2026-08-18T02:15:00,Camp Coordinator,CASE-0019,CASE_CREATED,CASE,SUCCESS,Screening registration opened at Camp-B (Eastern Rural Mobile Clinic).
61,2026-08-18T06:23:00,Imaging Reviewer,CASE-0019,EVIDENCE_VIEWED,IMAGING,SUCCESS,Reviewed OCT capture (GOOD).
62,2026-08-22T03:15:00,Case Reviewer,CASE-0019,CONFLICT_DETECTED,CASE,WARNING,Pathology Severe Abnormality vs Imaging Normal detected by clinical rule engine.
63,2026-08-22T03:15:00,Case Reviewer,CASE-0019,REVIEW_SUBMITTED,REVIEW,SUCCESS,Clinical decision recorded: REVIEW_REQUIRED.
64,2026-07-25T05:28:00,Camp Coordinator,CASE-0020,CASE_CREATED,CASE,SUCCESS,Screening registration opened at Camp-B (Eastern Rural Mobile Clinic).
65,2026-07-25T09:43:00,Imaging Reviewer,CASE-0020,EVIDENCE_VIEWED,IMAGING,SUCCESS,Reviewed Retinal Image capture (GOOD).
66,2026-07-28T02:28:00,Case Reviewer,CASE-0020,REVIEW_SUBMITTED,REVIEW,SUCCESS,Clinical decision recorded: INSUFFICIENT_EVIDENCE.
67,2026-08-19T01:39:00,Camp Coordinator,CASE-0021,CASE_CREATED,CASE,SUCCESS,Screening registration opened at Camp-C (Hillside Community Outpost).
68,2026-08-19T03:18:00,Imaging Reviewer,CASE-0021,EVIDENCE_VIEWED,IMAGING,SUCCESS,Reviewed Fundus capture (GOOD).
69,2026-08-21T13:39:00,Case Reviewer,CASE-0021,REVIEW_SUBMITTED,REVIEW,SUCCESS,Clinical decision recorded: REVIEW_REQUIRED.
70,2026-08-09T06:21:00,Camp Coordinator,CASE-0022,CASE_CREATED,CASE,SUCCESS,Screening registration opened at Camp-E (Highland Primary Screening).
71,2026-08-09T10:02:00,Imaging Reviewer,CASE-0022,EVIDENCE_VIEWED,IMAGING,SUCCESS,Reviewed Retinal Image capture (ACCEPTABLE).
72,2026-08-11T22:21:00,Case Reviewer,CASE-0022,REVIEW_SUBMITTED,REVIEW,SUCCESS,Clinical decision recorded: INSUFFICIENT_EVIDENCE.
73,2026-08-28T00:18:00,Camp Coordinator,CASE-0023,CASE_CREATED,CASE,SUCCESS,Screening registration opened at Camp-C (Hillside Community Outpost).
74,2026-08-28T04:32:00,Imaging Reviewer,CASE-0023,EVIDENCE_VIEWED,IMAGING,SUCCESS,Reviewed Retinal Image capture (ACCEPTABLE).
75,2026-08-30T20:18:00,Case Reviewer,CASE-0023,REVIEW_SUBMITTED,REVIEW,SUCCESS,Clinical decision recorded: INSUFFICIENT_EVIDENCE.
76,2026-07-15T01:23:00,Camp Coordinator,CASE-0024,CASE_CREATED,CASE,SUCCESS,Screening registration opened at Camp-E (Highland Primary Screening).
77,2026-07-15T05:41:00,Imaging Reviewer,CASE-0024,EVIDENCE_VIEWED,IMAGING,SUCCESS,Reviewed Slit Lamp capture (GOOD).
78,2026-07-18T14:23:00,Case Reviewer,CASE-0024,REVIEW_SUBMITTED,REVIEW,SUCCESS,Clinical decision recorded: CLEAR.
79,2026-08-07T05:40:00,Camp Coordinator,CASE-0025,CASE_CREATED,CASE,SUCCESS,Screening registration opened at Camp-E (Highland Primary Screening).
80,2026-08-07T09:07:00,Imaging Reviewer,CASE-0025,EVIDENCE_VIEWED,IMAGING,SUCCESS,Reviewed Retinal Image capture (ACCEPTABLE).
81,2026-08-09T23:40:00,Case Reviewer,CASE-0025,REVIEW_SUBMITTED,REVIEW,SUCCESS,Clinical decision recorded: REVIEW_REQUIRED.
82,2026-09-01T00:51:00,Camp Coordinator,CASE-0026,CASE_CREATED,CASE,SUCCESS,Screening registration opened at Camp-C (Hillside Community Outpost).
83,2026-09-01T05:02:00,Imaging Reviewer,CASE-0026,EVIDENCE_VIEWED,IMAGING,SUCCESS,Reviewed Fundus capture (GOOD).
84,2026-09-04T14:51:00,Case Reviewer,CASE-0026,REVIEW_SUBMITTED,REVIEW,SUCCESS,Clinical decision recorded: REVIEW_REQUIRED.
85,2026-08-25T00:11:00,Camp Coordinator,CASE-0027,CASE_CREATED,CASE,SUCCESS,Screening registration opened at Camp-D (Riverdale Outreach Hub).
86,2026-08-25T03:53:00,Imaging Reviewer,CASE-0027,EVIDENCE_VIEWED,IMAGING,SUCCESS,Reviewed Retinal Image capture (GOOD).
87,2026-08-29T12:11:00,Case Reviewer,CASE-0027,CONFLICT_DETECTED,CASE,WARNING,Pathology Severe Abnormality vs Imaging Normal detected by clinical rule engine.
88,2026-08-29T12:11:00,Case Reviewer,CASE-0027,REVIEW_SUBMITTED,REVIEW,SUCCESS,Clinical decision recorded: REVIEW_REQUIRED.
89,2026-08-22T08:33:00,Camp Coordinator,CASE-0028,CASE_CREATED,CASE,SUCCESS,Screening registration opened at Camp-D (Riverdale Outreach Hub).
90,2026-08-22T12:07:00,Imaging Reviewer,CASE-0028,EVIDENCE_VIEWED,IMAGING,SUCCESS,Reviewed Fundus capture (GOOD).
91,2026-08-25T01:33:00,Case Reviewer,CASE-0028,REVIEW_SUBMITTED,REVIEW,SUCCESS,Clinical decision recorded: INSUFFICIENT_EVIDENCE.
92,2026-07-15T23:01:00,Camp Coordinator,CASE-0029,CASE_CREATED,CASE,SUCCESS,Screening registration opened at Camp-C (Hillside Community Outpost).
93,2026-07-16T02:38:00,Imaging Reviewer,CASE-0029,EVIDENCE_VIEWED,IMAGING,SUCCESS,Reviewed Retinal Image capture (GOOD).
94,2026-07-20T15:01:00,Case Reviewer,CASE-0029,REVIEW_SUBMITTED,REVIEW,SUCCESS,Clinical decision recorded: INSUFFICIENT_EVIDENCE.
95,2026-08-20T23:32:00,Camp Coordinator,CASE-0030,CASE_CREATED,CASE,SUCCESS,Screening registration opened at Camp-D (Riverdale Outreach Hub).
96,2026-08-21T00:47:00,Imaging Reviewer,CASE-0030,EVIDENCE_VIEWED,IMAGING,SUCCESS,Reviewed Slit Lamp capture (GOOD).
97,2026-08-23T17:32:00,Case Reviewer,CASE-0030,CONFLICT_DETECTED,CASE,WARNING,Pathology Severe Abnormality vs Imaging Normal detected by clinical rule engine.
98,2026-08-23T17:32:00,Case Reviewer,CASE-0030,REVIEW_SUBMITTED,REVIEW,SUCCESS,Clinical decision recorded: REVIEW_REQUIRED.
99,2026-09-01T00:30:00,Camp Coordinator,CASE-0031,CASE_CREATED,CASE,SUCCESS,Screening registration opened at Camp-D (Riverdale Outreach Hub).
100,2026-09-01T04:38:00,Imaging Reviewer,CASE-0031,EVIDENCE_VIEWED,IMAGING,SUCCESS,Reviewed OCT capture (GOOD).
101,2026-09-03T21:30:00,Case Reviewer,CASE-0031,CONFLICT_DETECTED,CASE,WARNING,Pathology Severe Abnormality vs Imaging Normal detected by clinical rule engine.
102,2026-09-03T21:30:00,Case Reviewer,CASE-0031,REVIEW_SUBMITTED,REVIEW,SUCCESS,Clinical decision recorded: REVIEW_REQUIRED.
103,2026-07-28T02:54:00,Camp Coordinator,CASE-0032,CASE_CREATED,CASE,SUCCESS,Screening registration opened at Camp-B (Eastern Rural Mobile Clinic).
104,2026-07-28T06:31:00,Imaging Reviewer,CASE-0032,EVIDENCE_VIEWED,IMAGING,SUCCESS,Reviewed Slit Lamp capture (ACCEPTABLE).
105,2026-07-31T00:54:00,Case Reviewer,CASE-0032,REVIEW_SUBMITTED,REVIEW,SUCCESS,Clinical decision recorded: REVIEW_REQUIRED.
106,2026-07-26T01:04:00,Camp Coordinator,CASE-0033,CASE_CREATED,CASE,SUCCESS,Screening registration opened at Camp-B (Eastern Rural Mobile Clinic).
107,2026-07-26T05:38:00,Imaging Reviewer,CASE-0033,EVIDENCE_VIEWED,IMAGING,SUCCESS,Reviewed Slit Lamp capture (GOOD).
108,2026-07-30T19:04:00,Case Reviewer,CASE-0033,REVIEW_SUBMITTED,REVIEW,SUCCESS,Clinical decision recorded: REVIEW_REQUIRED.
109,2026-07-30T23:38:00,Camp Coordinator,CASE-0034,CASE_CREATED,CASE,SUCCESS,Screening registration opened at Camp-A (North Valley Health Center).
110,2026-07-31T02:09:00,Imaging Reviewer,CASE-0034,EVIDENCE_VIEWED,IMAGING,SUCCESS,Reviewed OCT capture (ACCEPTABLE).
111,2026-08-03T20:38:00,Case Reviewer,CASE-0034,REVIEW_SUBMITTED,REVIEW,SUCCESS,Clinical decision recorded: INSUFFICIENT_EVIDENCE.
112,2026-07-15T07:31:00,Camp Coordinator,CASE-0035,CASE_CREATED,CASE,SUCCESS,Screening registration opened at Camp-B (Eastern Rural Mobile Clinic).
113,2026-07-15T10:59:00,Imaging Reviewer,CASE-0035,EVIDENCE_VIEWED,IMAGING,SUCCESS,Reviewed Retinal Image capture (ACCEPTABLE).
114,2026-07-19T01:31:00,Case Reviewer,CASE-0035,REVIEW_SUBMITTED,REVIEW,SUCCESS,Clinical decision recorded: REVIEW_REQUIRED.
115,2026-08-09T23:40:00,Camp Coordinator,CASE-0036,CASE_CREATED,CASE,SUCCESS,Screening registration opened at Camp-D (Riverdale Outreach Hub).
116,2026-08-10T03:51:00,Imaging Reviewer,CASE-0036,EVIDENCE_VIEWED,IMAGING,SUCCESS,Reviewed OCT capture (LOW_QUALITY).
117,2026-08-10T03:51:00,Imaging Reviewer,CASE-0036,LOW_QUALITY_DETECTED,IMAGING,WARNING,Sub-threshold quality score (33.8/100) triggered automated flag.
118,2026-08-12T20:40:00,Case Reviewer,CASE-0036,REVIEW_SUBMITTED,REVIEW,SUCCESS,Clinical decision recorded: REVIEW_REQUIRED.
119,2026-08-10T05:19:00,Camp Coordinator,CASE-0037,CASE_CREATED,CASE,SUCCESS,Screening registration opened at Camp-B (Eastern Rural Mobile Clinic).
120,2026-08-10T08:04:00,Imaging Reviewer,CASE-0037,EVIDENCE_VIEWED,IMAGING,SUCCESS,Reviewed Fundus capture (GOOD).
121,2026-08-13T02:19:00,Case Reviewer,CASE-0037,REVIEW_SUBMITTED,REVIEW,SUCCESS,Clinical decision recorded: CLEAR.
122,2026-08-28T06:11:00,Camp Coordinator,CASE-0038,CASE_CREATED,CASE,SUCCESS,Screening registration opened at Camp-B (Eastern Rural Mobile Clinic).
123,2026-08-28T07:45:00,Imaging Reviewer,CASE-0038,EVIDENCE_VIEWED,IMAGING,SUCCESS,Reviewed Slit Lamp capture (GOOD).
124,2026-09-01T19:11:00,Case Reviewer,CASE-0038,REVIEW_SUBMITTED,REVIEW,SUCCESS,Clinical decision recorded: INSUFFICIENT_EVIDENCE.
125,2026-08-30T08:40:00,Camp Coordinator,CASE-0039,CASE_CREATED,CASE,SUCCESS,Screening registration opened at Camp-D (Riverdale Outreach Hub).
126,2026-08-30T13:08:00,Imaging Reviewer,CASE-0039,EVIDENCE_VIEWED,IMAGING,SUCCESS,Reviewed Retinal Image capture (GOOD).
127,2026-09-04T02:40:00,Case Reviewer,CASE-0039,REVIEW_SUBMITTED,REVIEW,SUCCESS,Clinical decision recorded: REVIEW_REQUIRED.
128,2026-07-22T03:56:00,Camp Coordinator,CASE-0040,CASE_CREATED,CASE,SUCCESS,Screening registration opened at Camp-D (Riverdale Outreach Hub).
129,2026-07-22T05:14:00,Imaging Reviewer,CASE-0040,EVIDENCE_VIEWED,IMAGING,SUCCESS,Reviewed Fundus capture (ACCEPTABLE).
130,2026-07-24T16:56:00,Case Reviewer,CASE-0040,REVIEW_SUBMITTED,REVIEW,SUCCESS,Clinical decision recorded: REFER.
131,2026-08-16T23:39:00,Camp Coordinator,CASE-0041,CASE_CREATED,CASE,SUCCESS,Screening registration opened at Camp-A (North Valley Health Center).
132,2026-08-17T00:48:00,Imaging Reviewer,CASE-0041,EVIDENCE_VIEWED,IMAGING,SUCCESS,Reviewed Retinal Image capture (GOOD).
133,2026-08-20T18:39:00,Case Reviewer,CASE-0041,REVIEW_SUBMITTED,REVIEW,SUCCESS,Clinical decision recorded: INSUFFICIENT_EVIDENCE.
134,2026-08-02T02:32:00,Camp Coordinator,CASE-0042,CASE_CREATED,CASE,SUCCESS,Screening registration opened at Camp-A (North Valley Health Center).
135,2026-08-02T04:41:00,Imaging Reviewer,CASE-0042,EVIDENCE_VIEWED,IMAGING,SUCCESS,Reviewed OCT capture (ACCEPTABLE).
136,2026-08-06T19:32:00,Case Reviewer,CASE-0042,REVIEW_SUBMITTED,REVIEW,SUCCESS,Clinical decision recorded: INSUFFICIENT_EVIDENCE.
137,2026-07-17T07:39:00,Camp Coordinator,CASE-0043,CASE_CREATED,CASE,SUCCESS,Screening registration opened at Camp-D (Riverdale Outreach Hub).
138,2026-07-17T11:48:00,Imaging Reviewer,CASE-0043,EVIDENCE_VIEWED,IMAGING,SUCCESS,Reviewed Fundus capture (GOOD).
139,2026-07-21T04:39:00,Case Reviewer,CASE-0043,REVIEW_SUBMITTED,REVIEW,SUCCESS,Clinical decision recorded: REVIEW_REQUIRED.
140,2026-08-10T07:23:00,Camp Coordinator,CASE-0044,CASE_CREATED,CASE,SUCCESS,Screening registration opened at Camp-E (Highland Primary Screening).
141,2026-08-10T11:03:00,Imaging Reviewer,CASE-0044,EVIDENCE_VIEWED,IMAGING,SUCCESS,Reviewed Slit Lamp capture (ACCEPTABLE).
142,2026-08-15T08:23:00,Case Reviewer,CASE-0044,REVIEW_SUBMITTED,REVIEW,SUCCESS,Clinical decision recorded: CLEAR.
143,2026-08-22T23:17:00,Camp Coordinator,CASE-0045,CASE_CREATED,CASE,SUCCESS,Screening registration opened at Camp-D (Riverdale Outreach Hub).
144,2026-08-23T01:46:00,Imaging Reviewer,CASE-0045,EVIDENCE_VIEWED,IMAGING,SUCCESS,Reviewed Retinal Image capture (GOOD).
145,2026-08-25T19:17:00,Case Reviewer,CASE-0045,REVIEW_SUBMITTED,REVIEW,SUCCESS,Clinical decision recorded: INSUFFICIENT_EVIDENCE.
146,2026-08-19T00:52:00,Camp Coordinator,CASE-0046,CASE_CREATED,CASE,SUCCESS,Screening registration opened at Camp-C (Hillside Community Outpost).
147,2026-08-19T03:59:00,Imaging Reviewer,CASE-0046,EVIDENCE_VIEWED,IMAGING,SUCCESS,Reviewed OCT capture (ACCEPTABLE).
148,2026-08-21T19:52:00,Case Reviewer,CASE-0046,REVIEW_SUBMITTED,REVIEW,SUCCESS,Clinical decision recorded: REVIEW_REQUIRED.
149,2026-07-16T08:32:00,Camp Coordinator,CASE-0047,CASE_CREATED,CASE,SUCCESS,Screening registration opened at Camp-A (North Valley Health Center).
150,2026-07-16T12:55:00,Imaging Reviewer,CASE-0047,EVIDENCE_VIEWED,IMAGING,SUCCESS,Reviewed Fundus capture (ACCEPTABLE).
151,2026-07-19T03:32:00,Case Reviewer,CASE-0047,REVIEW_SUBMITTED,REVIEW,SUCCESS,Clinical decision recorded: REFER.
152,2026-08-22T07:27:00,Camp Coordinator,CASE-0048,CASE_CREATED,CASE,SUCCESS,Screening registration opened at Camp-A (North Valley Health Center).
153,2026-08-22T09:47:00,Imaging Reviewer,CASE-0048,EVIDENCE_VIEWED,IMAGING,SUCCESS,Reviewed Fundus capture (GOOD).
154,2026-08-27T00:27:00,Case Reviewer,CASE-0048,CONFLICT_DETECTED,CASE,WARNING,Pathology Severe Abnormality vs Imaging Normal detected by clinical rule engine.
155,2026-08-27T00:27:00,Case Reviewer,CASE-0048,REVIEW_SUBMITTED,REVIEW,SUCCESS,Clinical decision recorded: REVIEW_REQUIRED.
156,2026-07-21T23:39:00,Camp Coordinator,CASE-0049,CASE_CREATED,CASE,SUCCESS,Screening registration opened at Camp-C (Hillside Community Outpost).
157,2026-07-22T03:21:00,Imaging Reviewer,CASE-0049,EVIDENCE_VIEWED,IMAGING,SUCCESS,Reviewed Fundus capture (ACCEPTABLE).
158,2026-07-22T16:39:00,Administrator,CASE-0049,LINEAGE_ERROR_DETECTED,SPECIMEN,FAILED,Lost specimen accession tag for SPEC-0049 during central lab transport.
159,2026-07-25T22:39:00,Case Reviewer,CASE-0049,REVIEW_SUBMITTED,REVIEW,SUCCESS,Clinical decision recorded: INSUFFICIENT_EVIDENCE.
160,2026-08-02T00:50:00,Camp Coordinator,CASE-0050,CASE_CREATED,CASE,SUCCESS,Screening registration opened at Camp-A (North Valley Health Center).
161,2026-08-02T02:57:00,Imaging Reviewer,CASE-0050,EVIDENCE_VIEWED,IMAGING,SUCCESS,Reviewed OCT capture (GOOD).
162,2026-08-04T20:50:00,Case Reviewer,CASE-0050,REVIEW_SUBMITTED,REVIEW,SUCCESS,Clinical decision recorded: REFER.
163,2026-07-26T06:01:00,Camp Coordinator,CASE-0051,CASE_CREATED,CASE,SUCCESS,Screening registration opened at Camp-C (Hillside Community Outpost).
164,2026-07-26T09:41:00,Imaging Reviewer,CASE-0051,EVIDENCE_VIEWED,IMAGING,SUCCESS,Reviewed Retinal Image capture (GOOD).
165,2026-07-30T02:01:00,Case Reviewer,CASE-0051,REVIEW_SUBMITTED,REVIEW,SUCCESS,Clinical decision recorded: REFER.
166,2026-08-14T07:27:00,Camp Coordinator,CASE-0052,CASE_CREATED,CASE,SUCCESS,Screening registration opened at Camp-E (Highland Primary Screening).
167,2026-08-14T10:10:00,Imaging Reviewer,CASE-0052,EVIDENCE_VIEWED,IMAGING,SUCCESS,Reviewed Retinal Image capture (ACCEPTABLE).
168,2026-08-18T05:27:00,Case Reviewer,CASE-0052,REVIEW_SUBMITTED,REVIEW,SUCCESS,Clinical decision recorded: REVIEW_REQUIRED.
169,2026-08-08T00:26:00,Camp Coordinator,CASE-0053,CASE_CREATED,CASE,SUCCESS,Screening registration opened at Camp-D (Riverdale Outreach Hub).
170,2026-08-08T04:54:00,Imaging Reviewer,CASE-0053,EVIDENCE_VIEWED,IMAGING,SUCCESS,Reviewed Fundus capture (GOOD).
171,2026-08-11T22:26:00,Case Reviewer,CASE-0053,REVIEW_SUBMITTED,REVIEW,SUCCESS,Clinical decision recorded: INSUFFICIENT_EVIDENCE.
172,2026-08-31T02:56:00,Camp Coordinator,CASE-0054,CASE_CREATED,CASE,SUCCESS,Screening registration opened at Camp-D (Riverdale Outreach Hub).
173,2026-08-31T05:02:00,Imaging Reviewer,CASE-0054,EVIDENCE_VIEWED,IMAGING,SUCCESS,Reviewed Slit Lamp capture (GOOD).
174,2026-09-04T20:56:00,Case Reviewer,CASE-0054,CONFLICT_DETECTED,CASE,WARNING,Pathology Severe Abnormality vs Imaging Normal detected by clinical rule engine.
175,2026-09-04T20:56:00,Case Reviewer,CASE-0054,REVIEW_SUBMITTED,REVIEW,SUCCESS,Clinical decision recorded: REVIEW_REQUIRED.
176,2026-09-01T07:58:00,Camp Coordinator,CASE-0055,CASE_CREATED,CASE,SUCCESS,Screening registration opened at Camp-C (Hillside Community Outpost).
177,2026-09-01T12:10:00,Imaging Reviewer,CASE-0055,EVIDENCE_VIEWED,IMAGING,SUCCESS,Reviewed Slit Lamp capture (ACCEPTABLE).
178,2026-09-05T01:58:00,Case Reviewer,CASE-0055,REVIEW_SUBMITTED,REVIEW,SUCCESS,Clinical decision recorded: REVIEW_REQUIRED.
179,2026-07-30T00:27:00,Camp Coordinator,CASE-0056,CASE_CREATED,CASE,SUCCESS,Screening registration opened at Camp-E (Highland Primary Screening).
180,2026-07-30T04:55:00,Imaging Reviewer,CASE-0056,EVIDENCE_VIEWED,IMAGING,SUCCESS,Reviewed Slit Lamp capture (GOOD).
181,2026-08-01T19:27:00,Case Reviewer,CASE-0056,REVIEW_SUBMITTED,REVIEW,SUCCESS,Clinical decision recorded: REFER.
182,2026-08-28T01:57:00,Camp Coordinator,CASE-0057,CASE_CREATED,CASE,SUCCESS,Screening registration opened at Camp-C (Hillside Community Outpost).
183,2026-08-28T05:34:00,Imaging Reviewer,CASE-0057,EVIDENCE_VIEWED,IMAGING,SUCCESS,Reviewed Retinal Image capture (GOOD).
184,2026-08-30T18:57:00,Case Reviewer,CASE-0057,REVIEW_SUBMITTED,REVIEW,SUCCESS,Clinical decision recorded: INSUFFICIENT_EVIDENCE.
185,2026-08-09T00:42:00,Camp Coordinator,CASE-0058,CASE_CREATED,CASE,SUCCESS,Screening registration opened at Camp-A (North Valley Health Center).
186,2026-08-09T04:07:00,Imaging Reviewer,CASE-0058,EVIDENCE_VIEWED,IMAGING,SUCCESS,Reviewed Fundus capture (ACCEPTABLE).
187,2026-08-13T23:42:00,Case Reviewer,CASE-0058,REVIEW_SUBMITTED,REVIEW,SUCCESS,Clinical decision recorded: REVIEW_REQUIRED.
188,2026-07-16T06:58:00,Camp Coordinator,CASE-0059,CASE_CREATED,CASE,SUCCESS,Screening registration opened at Camp-B (Eastern Rural Mobile Clinic).
189,2026-07-16T10:26:00,Imaging Reviewer,CASE-0059,EVIDENCE_VIEWED,IMAGING,SUCCESS,Reviewed Retinal Image capture (GOOD).
190,2026-07-18T21:58:00,Case Reviewer,CASE-0059,REVIEW_SUBMITTED,REVIEW,SUCCESS,Clinical decision recorded: INSUFFICIENT_EVIDENCE.
191,2026-07-22T04:44:00,Camp Coordinator,CASE-0060,CASE_CREATED,CASE,SUCCESS,Screening registration opened at Camp-A (North Valley Health Center).
192,2026-07-22T06:05:00,Imaging Reviewer,CASE-0060,EVIDENCE_VIEWED,IMAGING,SUCCESS,Reviewed Slit Lamp capture (GOOD).
193,2026-07-27T01:44:00,Case Reviewer,CASE-0060,REVIEW_SUBMITTED,REVIEW,SUCCESS,Clinical decision recorded: REVIEW_REQUIRED.
194,2026-08-22T06:09:00,Camp Coordinator,CASE-0061,CASE_CREATED,CASE,SUCCESS,Screening registration opened at Camp-C (Hillside Community Outpost).
195,2026-08-22T08:45:00,Imaging Reviewer,CASE-0061,EVIDENCE_VIEWED,IMAGING,SUCCESS,Reviewed Fundus capture (ACCEPTABLE).
196,2026-08-26T21:09:00,Case Reviewer,CASE-0061,REVIEW_SUBMITTED,REVIEW,SUCCESS,Clinical decision recorded: CLEAR.
197,2026-07-20T00:37:00,Camp Coordinator,CASE-0062,CASE_CREATED,CASE,SUCCESS,Screening registration opened at Camp-B (Eastern Rural Mobile Clinic).
198,2026-07-20T01:49:00,Imaging Reviewer,CASE-0062,EVIDENCE_VIEWED,IMAGING,SUCCESS,Reviewed OCT capture (ACCEPTABLE).
199,2026-07-20T13:37:00,Administrator,CASE-0062,LINEAGE_ERROR_DETECTED,SPECIMEN,FAILED,Lost specimen accession tag for SPEC-0062 during central lab transport.
200,2026-07-22T16:37:00,Case Reviewer,CASE-0062,REVIEW_SUBMITTED,REVIEW,SUCCESS,Clinical decision recorded: INSUFFICIENT_EVIDENCE.
201,2026-07-25T23:50:00,Camp Coordinator,CASE-0063,CASE_CREATED,CASE,SUCCESS,Screening registration opened at Camp-B (Eastern Rural Mobile Clinic).
202,2026-07-26T00:57:00,Imaging Reviewer,CASE-0063,EVIDENCE_VIEWED,IMAGING,SUCCESS,Reviewed Slit Lamp capture (GOOD).
203,2026-07-28T20:50:00,Case Reviewer,CASE-0063,REVIEW_SUBMITTED,REVIEW,SUCCESS,Clinical decision recorded: INSUFFICIENT_EVIDENCE.
204,2026-08-28T08:49:00,Camp Coordinator,CASE-0064,CASE_CREATED,CASE,SUCCESS,Screening registration opened at Camp-D (Riverdale Outreach Hub).
205,2026-08-28T12:14:00,Imaging Reviewer,CASE-0064,EVIDENCE_VIEWED,IMAGING,SUCCESS,Reviewed Slit Lamp capture (LOW_QUALITY).
206,2026-08-28T12:14:00,Imaging Reviewer,CASE-0064,LOW_QUALITY_DETECTED,IMAGING,WARNING,Sub-threshold quality score (47.4/100) triggered automated flag.
207,2026-08-31T01:49:00,Case Reviewer,CASE-0064,REVIEW_SUBMITTED,REVIEW,SUCCESS,Clinical decision recorded: REVIEW_REQUIRED.
208,2026-08-06T05:04:00,Camp Coordinator,CASE-0065,CASE_CREATED,CASE,SUCCESS,Screening registration opened at Camp-B (Eastern Rural Mobile Clinic).
209,2026-08-06T09:40:00,Imaging Reviewer,CASE-0065,EVIDENCE_VIEWED,IMAGING,SUCCESS,Reviewed Slit Lamp capture (GOOD).
210,2026-08-08T23:04:00,Case Reviewer,CASE-0065,REVIEW_SUBMITTED,REVIEW,SUCCESS,Clinical decision recorded: REVIEW_REQUIRED.
211,2026-07-15T02:36:00,Camp Coordinator,CASE-0066,CASE_CREATED,CASE,SUCCESS,Screening registration opened at Camp-A (North Valley Health Center).
212,2026-07-15T05:45:00,Imaging Reviewer,CASE-0066,EVIDENCE_VIEWED,IMAGING,SUCCESS,Reviewed Retinal Image capture (GOOD).
213,2026-07-19T17:36:00,Case Reviewer,CASE-0066,REVIEW_SUBMITTED,REVIEW,SUCCESS,Clinical decision recorded: CLEAR.
214,2026-07-18T03:08:00,Camp Coordinator,CASE-0067,CASE_CREATED,CASE,SUCCESS,Screening registration opened at Camp-D (Riverdale Outreach Hub).
215,2026-07-18T06:52:00,Imaging Reviewer,CASE-0067,EVIDENCE_VIEWED,IMAGING,SUCCESS,Reviewed Slit Lamp capture (ACCEPTABLE).
216,2026-07-22T05:08:00,Case Reviewer,CASE-0067,REVIEW_SUBMITTED,REVIEW,SUCCESS,Clinical decision recorded: REVIEW_REQUIRED.
217,2026-07-17T08:21:00,Camp Coordinator,CASE-0068,CASE_CREATED,CASE,SUCCESS,Screening registration opened at Camp-D (Riverdale Outreach Hub).
218,2026-07-17T12:35:00,Imaging Reviewer,CASE-0068,EVIDENCE_VIEWED,IMAGING,SUCCESS,Reviewed OCT capture (ACCEPTABLE).
219,2026-07-21T05:21:00,Case Reviewer,CASE-0068,REVIEW_SUBMITTED,REVIEW,SUCCESS,Clinical decision recorded: INSUFFICIENT_EVIDENCE.
220,2026-08-21T01:01:00,Camp Coordinator,CASE-0069,CASE_CREATED,CASE,SUCCESS,Screening registration opened at Camp-E (Highland Primary Screening).
221,2026-08-21T04:45:00,Imaging Reviewer,CASE-0069,EVIDENCE_VIEWED,IMAGING,SUCCESS,Reviewed Retinal Image capture (ACCEPTABLE).
222,2026-08-24T22:01:00,Case Reviewer,CASE-0069,REVIEW_SUBMITTED,REVIEW,SUCCESS,Clinical decision recorded: REFER.
223,2026-08-14T07:37:00,Camp Coordinator,CASE-0070,CASE_CREATED,CASE,SUCCESS,Screening registration opened at Camp-D (Riverdale Outreach Hub).
224,2026-08-14T10:50:00,Imaging Reviewer,CASE-0070,EVIDENCE_VIEWED,IMAGING,SUCCESS,Reviewed Fundus capture (LOW_QUALITY).
225,2026-08-14T10:50:00,Imaging Reviewer,CASE-0070,LOW_QUALITY_DETECTED,IMAGING,WARNING,Sub-threshold quality score (39.2/100) triggered automated flag.
226,2026-08-17T03:37:00,Case Reviewer,CASE-0070,REVIEW_SUBMITTED,REVIEW,SUCCESS,Clinical decision recorded: REVIEW_REQUIRED.
227,2026-08-22T02:18:00,Camp Coordinator,CASE-0071,CASE_CREATED,CASE,SUCCESS,Screening registration opened at Camp-D (Riverdale Outreach Hub).
228,2026-08-22T03:59:00,Imaging Reviewer,CASE-0071,EVIDENCE_VIEWED,IMAGING,SUCCESS,Reviewed OCT capture (GOOD).
229,2026-08-24T20:18:00,Case Reviewer,CASE-0071,REVIEW_SUBMITTED,REVIEW,SUCCESS,Clinical decision recorded: REVIEW_REQUIRED.
230,2026-08-03T00:26:00,Camp Coordinator,CASE-0072,CASE_CREATED,CASE,SUCCESS,Screening registration opened at Camp-D (Riverdale Outreach Hub).
231,2026-08-03T03:00:00,Imaging Reviewer,CASE-0072,EVIDENCE_VIEWED,IMAGING,SUCCESS,Reviewed Slit Lamp capture (LOW_QUALITY).
232,2026-08-03T03:00:00,Imaging Reviewer,CASE-0072,LOW_QUALITY_DETECTED,IMAGING,WARNING,Sub-threshold quality score (41.5/100) triggered automated flag.
233,2026-08-07T18:26:00,Case Reviewer,CASE-0072,REVIEW_SUBMITTED,REVIEW,SUCCESS,Clinical decision recorded: REVIEW_REQUIRED.
234,2026-08-21T06:29:00,Camp Coordinator,CASE-0073,CASE_CREATED,CASE,SUCCESS,Screening registration opened at Camp-C (Hillside Community Outpost).
235,2026-08-21T09:55:00,Imaging Reviewer,CASE-0073,EVIDENCE_VIEWED,IMAGING,SUCCESS,Reviewed Slit Lamp capture (GOOD).
236,2026-08-24T18:29:00,Case Reviewer,CASE-0073,CONFLICT_DETECTED,CASE,WARNING,Pathology Severe Abnormality vs Imaging Normal detected by clinical rule engine.
237,2026-08-24T18:29:00,Case Reviewer,CASE-0073,REVIEW_SUBMITTED,REVIEW,SUCCESS,Clinical decision recorded: REVIEW_REQUIRED.
238,2026-07-23T04:36:00,Camp Coordinator,CASE-0074,CASE_CREATED,CASE,SUCCESS,Screening registration opened at Camp-E (Highland Primary Screening).
239,2026-07-23T08:07:00,Imaging Reviewer,CASE-0074,EVIDENCE_VIEWED,IMAGING,SUCCESS,Reviewed Retinal Image capture (GOOD).
240,2026-07-23T19:36:00,Administrator,CASE-0074,LINEAGE_ERROR_DETECTED,SPECIMEN,FAILED,Lost specimen accession tag for SPEC-0074 during central lab transport.
241,2026-07-28T01:36:00,Case Reviewer,CASE-0074,REVIEW_SUBMITTED,REVIEW,SUCCESS,Clinical decision recorded: INSUFFICIENT_EVIDENCE.
242,2026-07-31T05:23:00,Camp Coordinator,CASE-0075,CASE_CREATED,CASE,SUCCESS,Screening registration opened at Camp-E (Highland Primary Screening).
243,2026-07-31T08:05:00,Imaging Reviewer,CASE-0075,EVIDENCE_VIEWED,IMAGING,SUCCESS,Reviewed Retinal Image capture (ACCEPTABLE).
244,2026-08-03T20:23:00,Case Reviewer,CASE-0075,REVIEW_SUBMITTED,REVIEW,SUCCESS,Clinical decision recorded: CLEAR.
245,2026-08-10T07:25:00,Camp Coordinator,CASE-0076,CASE_CREATED,CASE,SUCCESS,Screening registration opened at Camp-A (North Valley Health Center).
246,2026-08-10T09:56:00,Imaging Reviewer,CASE-0076,EVIDENCE_VIEWED,IMAGING,SUCCESS,Reviewed Slit Lamp capture (GOOD).
247,2026-08-13T01:25:00,Case Reviewer,CASE-0076,REVIEW_SUBMITTED,REVIEW,SUCCESS,Clinical decision recorded: REVIEW_REQUIRED.
248,2026-08-13T01:16:00,Camp Coordinator,CASE-0077,CASE_CREATED,CASE,SUCCESS,Screening registration opened at Camp-E (Highland Primary Screening).
249,2026-08-13T04:33:00,Imaging Reviewer,CASE-0077,EVIDENCE_VIEWED,IMAGING,SUCCESS,Reviewed Fundus capture (LOW_QUALITY).
250,2026-08-13T04:33:00,Imaging Reviewer,CASE-0077,LOW_QUALITY_DETECTED,IMAGING,WARNING,Sub-threshold quality score (25.7/100) triggered automated flag.
251,2026-08-17T11:16:00,Case Reviewer,CASE-0077,REVIEW_SUBMITTED,REVIEW,SUCCESS,Clinical decision recorded: REVIEW_REQUIRED.
252,2026-07-29T05:11:00,Camp Coordinator,CASE-0078,CASE_CREATED,CASE,SUCCESS,Screening registration opened at Camp-A (North Valley Health Center).
253,2026-07-29T08:52:00,Imaging Reviewer,CASE-0078,EVIDENCE_VIEWED,IMAGING,SUCCESS,Reviewed Slit Lamp capture (ACCEPTABLE).
254,2026-08-03T00:11:00,Case Reviewer,CASE-0078,REVIEW_SUBMITTED,REVIEW,SUCCESS,Clinical decision recorded: INSUFFICIENT_EVIDENCE.
255,2026-08-13T02:48:00,Camp Coordinator,CASE-0079,CASE_CREATED,CASE,SUCCESS,Screening registration opened at Camp-E (Highland Primary Screening).
256,2026-08-13T06:56:00,Imaging Reviewer,CASE-0079,EVIDENCE_VIEWED,IMAGING,SUCCESS,Reviewed Retinal Image capture (GOOD).
257,2026-08-16T17:48:00,Case Reviewer,CASE-0079,REVIEW_SUBMITTED,REVIEW,SUCCESS,Clinical decision recorded: REVIEW_REQUIRED.
258,2026-07-14T23:13:00,Camp Coordinator,CASE-0080,CASE_CREATED,CASE,SUCCESS,Screening registration opened at Camp-E (Highland Primary Screening).
259,2026-07-15T00:31:00,Imaging Reviewer,CASE-0080,EVIDENCE_VIEWED,IMAGING,SUCCESS,Reviewed OCT capture (GOOD).
260,2026-07-18T16:13:00,Case Reviewer,CASE-0080,REVIEW_SUBMITTED,REVIEW,SUCCESS,Clinical decision recorded: INSUFFICIENT_EVIDENCE.
261,2026-08-12T05:36:00,Camp Coordinator,CASE-0081,CASE_CREATED,CASE,SUCCESS,Screening registration opened at Camp-C (Hillside Community Outpost).
262,2026-08-12T06:57:00,Imaging Reviewer,CASE-0081,EVIDENCE_VIEWED,IMAGING,SUCCESS,Reviewed Retinal Image capture (ACCEPTABLE).
263,2026-08-16T04:36:00,Case Reviewer,CASE-0081,REVIEW_SUBMITTED,REVIEW,SUCCESS,Clinical decision recorded: CLEAR.
264,2026-08-28T08:11:00,Camp Coordinator,CASE-0082,CASE_CREATED,CASE,SUCCESS,Screening registration opened at Camp-A (North Valley Health Center).
265,2026-08-28T09:29:00,Imaging Reviewer,CASE-0082,EVIDENCE_VIEWED,IMAGING,SUCCESS,Reviewed Retinal Image capture (LOW_QUALITY).
266,2026-08-28T09:29:00,Imaging Reviewer,CASE-0082,LOW_QUALITY_DETECTED,IMAGING,WARNING,Sub-threshold quality score (33.6/100) triggered automated flag.
267,2026-09-01T04:11:00,Case Reviewer,CASE-0082,REVIEW_SUBMITTED,REVIEW,SUCCESS,Clinical decision recorded: REVIEW_REQUIRED.
268,2026-07-24T00:43:00,Camp Coordinator,CASE-0083,CASE_CREATED,CASE,SUCCESS,Screening registration opened at Camp-C (Hillside Community Outpost).
269,2026-07-24T03:02:00,Imaging Reviewer,CASE-0083,EVIDENCE_VIEWED,IMAGING,SUCCESS,Reviewed Slit Lamp capture (GOOD).
270,2026-07-27T00:43:00,Case Reviewer,CASE-0083,CONFLICT_DETECTED,CASE,WARNING,Pathology Severe Abnormality vs Imaging Normal detected by clinical rule engine.
271,2026-07-27T00:43:00,Case Reviewer,CASE-0083,REVIEW_SUBMITTED,REVIEW,SUCCESS,Clinical decision recorded: REVIEW_REQUIRED.
272,2026-07-22T03:23:00,Camp Coordinator,CASE-0084,CASE_CREATED,CASE,SUCCESS,Screening registration opened at Camp-A (North Valley Health Center).
273,2026-07-22T07:45:00,Imaging Reviewer,CASE-0084,EVIDENCE_VIEWED,IMAGING,SUCCESS,Reviewed Fundus capture (LOW_QUALITY).
274,2026-07-22T07:45:00,Imaging Reviewer,CASE-0084,LOW_QUALITY_DETECTED,IMAGING,WARNING,Sub-threshold quality score (46.3/100) triggered automated flag.
275,2026-07-24T20:23:00,Case Reviewer,CASE-0084,REVIEW_SUBMITTED,REVIEW,SUCCESS,Clinical decision recorded: REVIEW_REQUIRED.
276,2026-07-20T00:38:00,Camp Coordinator,CASE-0085,CASE_CREATED,CASE,SUCCESS,Screening registration opened at Camp-D (Riverdale Outreach Hub).
277,2026-07-20T02:10:00,Imaging Reviewer,CASE-0085,EVIDENCE_VIEWED,IMAGING,SUCCESS,Reviewed OCT capture (GOOD).
278,2026-07-22T19:38:00,Case Reviewer,CASE-0085,REVIEW_SUBMITTED,REVIEW,SUCCESS,Clinical decision recorded: CLEAR.
279,2026-08-08T06:12:00,Camp Coordinator,CASE-0086,CASE_CREATED,CASE,SUCCESS,Screening registration opened at Camp-D (Riverdale Outreach Hub).
280,2026-08-08T10:40:00,Imaging Reviewer,CASE-0086,EVIDENCE_VIEWED,IMAGING,SUCCESS,Reviewed Slit Lamp capture (ACCEPTABLE).
281,2026-08-13T03:12:00,Case Reviewer,CASE-0086,REVIEW_SUBMITTED,REVIEW,SUCCESS,Clinical decision recorded: INSUFFICIENT_EVIDENCE.
282,2026-09-01T04:33:00,Camp Coordinator,CASE-0087,CASE_CREATED,CASE,SUCCESS,Screening registration opened at Camp-D (Riverdale Outreach Hub).
283,2026-09-01T06:46:00,Imaging Reviewer,CASE-0087,EVIDENCE_VIEWED,IMAGING,SUCCESS,Reviewed Slit Lamp capture (ACCEPTABLE).
284,2026-09-04T17:33:00,Case Reviewer,CASE-0087,REVIEW_SUBMITTED,REVIEW,SUCCESS,Clinical decision recorded: INSUFFICIENT_EVIDENCE.
285,2026-07-24T02:08:00,Camp Coordinator,CASE-0088,CASE_CREATED,CASE,SUCCESS,Screening registration opened at Camp-C (Hillside Community Outpost).
286,2026-07-24T04:32:00,Imaging Reviewer,CASE-0088,EVIDENCE_VIEWED,IMAGING,SUCCESS,Reviewed Slit Lamp capture (GOOD).
287,2026-07-26T21:08:00,Case Reviewer,CASE-0088,REVIEW_SUBMITTED,REVIEW,SUCCESS,Clinical decision recorded: REFER.
288,2026-07-29T06:16:00,Camp Coordinator,CASE-0089,CASE_CREATED,CASE,SUCCESS,Screening registration opened at Camp-E (Highland Primary Screening).
289,2026-07-29T07:47:00,Imaging Reviewer,CASE-0089,EVIDENCE_VIEWED,IMAGING,SUCCESS,Reviewed Retinal Image capture (ACCEPTABLE).
290,2026-07-29T20:16:00,Administrator,CASE-0089,LINEAGE_ERROR_DETECTED,SPECIMEN,FAILED,Lost specimen accession tag for SPEC-0089 during central lab transport.
291,2026-08-01T22:16:00,Case Reviewer,CASE-0089,REVIEW_SUBMITTED,REVIEW,SUCCESS,Clinical decision recorded: INSUFFICIENT_EVIDENCE.
292,2026-08-09T00:21:00,Camp Coordinator,CASE-0090,CASE_CREATED,CASE,SUCCESS,Screening registration opened at Camp-A (North Valley Health Center).
293,2026-08-09T02:02:00,Imaging Reviewer,CASE-0090,EVIDENCE_VIEWED,IMAGING,SUCCESS,Reviewed Retinal Image capture (GOOD).
294,2026-08-14T00:21:00,Case Reviewer,CASE-0090,REVIEW_SUBMITTED,REVIEW,SUCCESS,Clinical decision recorded: REFER.
295,2026-08-31T01:53:00,Camp Coordinator,CASE-0091,CASE_CREATED,CASE,SUCCESS,Screening registration opened at Camp-C (Hillside Community Outpost).
296,2026-08-31T05:17:00,Imaging Reviewer,CASE-0091,EVIDENCE_VIEWED,IMAGING,SUCCESS,Reviewed Slit Lamp capture (GOOD).
297,2026-09-02T16:53:00,Case Reviewer,CASE-0091,REVIEW_SUBMITTED,REVIEW,SUCCESS,Clinical decision recorded: REFER.
298,2026-07-28T06:38:00,Camp Coordinator,CASE-0092,CASE_CREATED,CASE,SUCCESS,Screening registration opened at Camp-E (Highland Primary Screening).
299,2026-07-28T09:23:00,Imaging Reviewer,CASE-0092,EVIDENCE_VIEWED,IMAGING,SUCCESS,Reviewed Retinal Image capture (ACCEPTABLE).
300,2026-08-01T22:38:00,Case Reviewer,CASE-0092,REVIEW_SUBMITTED,REVIEW,SUCCESS,Clinical decision recorded: INSUFFICIENT_EVIDENCE.
301,2026-07-23T03:21:00,Camp Coordinator,CASE-0093,CASE_CREATED,CASE,SUCCESS,Screening registration opened at Camp-D (Riverdale Outreach Hub).
302,2026-07-23T08:05:00,Imaging Reviewer,CASE-0093,EVIDENCE_VIEWED,IMAGING,SUCCESS,Reviewed OCT capture (GOOD).
303,2026-07-25T18:21:00,Case Reviewer,CASE-0093,REVIEW_SUBMITTED,REVIEW,SUCCESS,Clinical decision recorded: INSUFFICIENT_EVIDENCE.
304,2026-07-31T02:33:00,Camp Coordinator,CASE-0094,CASE_CREATED,CASE,SUCCESS,Screening registration opened at Camp-E (Highland Primary Screening).
305,2026-07-31T05:13:00,Imaging Reviewer,CASE-0094,EVIDENCE_VIEWED,IMAGING,SUCCESS,Reviewed OCT capture (LOW_QUALITY).
306,2026-07-31T05:13:00,Imaging Reviewer,CASE-0094,LOW_QUALITY_DETECTED,IMAGING,WARNING,Sub-threshold quality score (36.3/100) triggered automated flag.
307,2026-08-03T23:33:00,Case Reviewer,CASE-0094,REVIEW_SUBMITTED,REVIEW,SUCCESS,Clinical decision recorded: REVIEW_REQUIRED.
308,2026-08-01T06:54:00,Camp Coordinator,CASE-0095,CASE_CREATED,CASE,SUCCESS,Screening registration opened at Camp-E (Highland Primary Screening).
309,2026-08-01T10:09:00,Imaging Reviewer,CASE-0095,EVIDENCE_VIEWED,IMAGING,SUCCESS,Reviewed Retinal Image capture (GOOD).
310,2026-08-04T03:54:00,Case Reviewer,CASE-0095,REVIEW_SUBMITTED,REVIEW,SUCCESS,Clinical decision recorded: INSUFFICIENT_EVIDENCE.
311,2026-08-26T05:40:00,Camp Coordinator,CASE-0096,CASE_CREATED,CASE,SUCCESS,Screening registration opened at Camp-A (North Valley Health Center).
312,2026-08-26T07:00:00,Imaging Reviewer,CASE-0096,EVIDENCE_VIEWED,IMAGING,SUCCESS,Reviewed OCT capture (GOOD).
313,2026-08-30T22:40:00,Case Reviewer,CASE-0096,REVIEW_SUBMITTED,REVIEW,SUCCESS,Clinical decision recorded: REVIEW_REQUIRED.
314,2026-07-31T07:51:00,Camp Coordinator,CASE-0097,CASE_CREATED,CASE,SUCCESS,Screening registration opened at Camp-D (Riverdale Outreach Hub).
315,2026-07-31T10:05:00,Imaging Reviewer,CASE-0097,EVIDENCE_VIEWED,IMAGING,SUCCESS,Reviewed Slit Lamp capture (GOOD).
316,2026-08-04T05:51:00,Case Reviewer,CASE-0097,REVIEW_SUBMITTED,REVIEW,SUCCESS,Clinical decision recorded: INSUFFICIENT_EVIDENCE.
317,2026-07-31T04:15:00,Camp Coordinator,CASE-0098,CASE_CREATED,CASE,SUCCESS,Screening registration opened at Camp-C (Hillside Community Outpost).
318,2026-07-31T05:49:00,Imaging Reviewer,CASE-0098,EVIDENCE_VIEWED,IMAGING,SUCCESS,Reviewed Slit Lamp capture (GOOD).
319,2026-08-03T22:15:00,Case Reviewer,CASE-0098,REVIEW_SUBMITTED,REVIEW,SUCCESS,Clinical decision recorded: INSUFFICIENT_EVIDENCE.
320,2026-08-22T01:30:00,Camp Coordinator,CASE-0099,CASE_CREATED,CASE,SUCCESS,Screening registration opened at Camp-A (North Valley Health Center).
321,2026-08-22T04:40:00,Imaging Reviewer,CASE-0099,EVIDENCE_VIEWED,IMAGING,SUCCESS,Reviewed Slit Lamp capture (ACCEPTABLE).
322,2026-08-24T13:30:00,Case Reviewer,CASE-0099,REVIEW_SUBMITTED,REVIEW,SUCCESS,Clinical decision recorded: REVIEW_REQUIRED.
323,2026-08-05T06:29:00,Camp Coordinator,CASE-0100,CASE_CREATED,CASE,SUCCESS,Screening registration opened at Camp-A (North Valley Health Center).
324,2026-08-05T09:57:00,Imaging Reviewer,CASE-0100,EVIDENCE_VIEWED,IMAGING,SUCCESS,Reviewed Slit Lamp capture (ACCEPTABLE).
325,2026-08-10T00:29:00,Case Reviewer,CASE-0100,REVIEW_SUBMITTED,REVIEW,SUCCESS,Clinical decision recorded: INSUFFICIENT_EVIDENCE.
326,2026-08-05T03:09:00,Camp Coordinator,CASE-0101,CASE_CREATED,CASE,SUCCESS,Screening registration opened at Camp-B (Eastern Rural Mobile Clinic).
327,2026-08-05T06:15:00,Imaging Reviewer,CASE-0101,EVIDENCE_VIEWED,IMAGING,SUCCESS,Reviewed Slit Lamp capture (ACCEPTABLE).
328,2026-08-07T21:09:00,Case Reviewer,CASE-0101,REVIEW_SUBMITTED,REVIEW,SUCCESS,Clinical decision recorded: INSUFFICIENT_EVIDENCE.
329,2026-08-12T06:35:00,Camp Coordinator,CASE-0102,CASE_CREATED,CASE,SUCCESS,Screening registration opened at Camp-E (Highland Primary Screening).
330,2026-08-12T07:41:00,Imaging Reviewer,CASE-0102,EVIDENCE_VIEWED,IMAGING,SUCCESS,Reviewed Fundus capture (ACCEPTABLE).
331,2026-08-15T03:35:00,Case Reviewer,CASE-0102,REVIEW_SUBMITTED,REVIEW,SUCCESS,Clinical decision recorded: REFER.
332,2026-08-06T23:19:00,Camp Coordinator,CASE-0103,CASE_CREATED,CASE,SUCCESS,Screening registration opened at Camp-A (North Valley Health Center).
333,2026-08-07T03:31:00,Imaging Reviewer,CASE-0103,EVIDENCE_VIEWED,IMAGING,SUCCESS,Reviewed Retinal Image capture (GOOD).
334,2026-08-11T16:19:00,Case Reviewer,CASE-0103,REVIEW_SUBMITTED,REVIEW,SUCCESS,Clinical decision recorded: INSUFFICIENT_EVIDENCE.
335,2026-08-09T06:12:00,Camp Coordinator,CASE-0104,CASE_CREATED,CASE,SUCCESS,Screening registration opened at Camp-C (Hillside Community Outpost).
336,2026-08-09T07:33:00,Imaging Reviewer,CASE-0104,EVIDENCE_VIEWED,IMAGING,SUCCESS,Reviewed Fundus capture (GOOD).
337,2026-08-13T21:12:00,Case Reviewer,CASE-0104,REVIEW_SUBMITTED,REVIEW,SUCCESS,Clinical decision recorded: REFER.
338,2026-08-30T00:08:00,Camp Coordinator,CASE-0105,CASE_CREATED,CASE,SUCCESS,Screening registration opened at Camp-D (Riverdale Outreach Hub).
339,2026-08-30T03:17:00,Imaging Reviewer,CASE-0105,EVIDENCE_VIEWED,IMAGING,SUCCESS,Reviewed Slit Lamp capture (GOOD).
340,2026-09-02T19:08:00,Case Reviewer,CASE-0105,CONFLICT_DETECTED,CASE,WARNING,Pathology Severe Abnormality vs Imaging Normal detected by clinical rule engine.
341,2026-09-02T19:08:00,Case Reviewer,CASE-0105,REVIEW_SUBMITTED,REVIEW,SUCCESS,Clinical decision recorded: REVIEW_REQUIRED.
342,2026-07-28T01:59:00,Camp Coordinator,CASE-0106,CASE_CREATED,CASE,SUCCESS,Screening registration opened at Camp-C (Hillside Community Outpost).
343,2026-07-28T04:33:00,Imaging Reviewer,CASE-0106,EVIDENCE_VIEWED,IMAGING,SUCCESS,Reviewed Slit Lamp capture (GOOD).
344,2026-07-31T18:59:00,Case Reviewer,CASE-0106,REVIEW_SUBMITTED,REVIEW,SUCCESS,Clinical decision recorded: CLEAR.
345,2026-08-17T02:28:00,Camp Coordinator,CASE-0107,CASE_CREATED,CASE,SUCCESS,Screening registration opened at Camp-A (North Valley Health Center).
346,2026-08-17T06:56:00,Imaging Reviewer,CASE-0107,EVIDENCE_VIEWED,IMAGING,SUCCESS,Reviewed Retinal Image capture (GOOD).
347,2026-08-21T16:28:00,Case Reviewer,CASE-0107,REVIEW_SUBMITTED,REVIEW,SUCCESS,Clinical decision recorded: INSUFFICIENT_EVIDENCE.
348,2026-08-16T03:08:00,Camp Coordinator,CASE-0108,CASE_CREATED,CASE,SUCCESS,Screening registration opened at Camp-D (Riverdale Outreach Hub).
349,2026-08-16T05:21:00,Imaging Reviewer,CASE-0108,EVIDENCE_VIEWED,IMAGING,SUCCESS,Reviewed Fundus capture (ACCEPTABLE).
350,2026-08-20T01:08:00,Case Reviewer,CASE-0108,REVIEW_SUBMITTED,REVIEW,SUCCESS,Clinical decision recorded: REVIEW_REQUIRED.
351,2026-08-30T05:06:00,Camp Coordinator,CASE-0109,CASE_CREATED,CASE,SUCCESS,Screening registration opened at Camp-C (Hillside Community Outpost).
352,2026-08-30T06:30:00,Imaging Reviewer,CASE-0109,EVIDENCE_VIEWED,IMAGING,SUCCESS,Reviewed Slit Lamp capture (GOOD).
353,2026-09-01T20:06:00,Case Reviewer,CASE-0109,REVIEW_SUBMITTED,REVIEW,SUCCESS,Clinical decision recorded: INSUFFICIENT_EVIDENCE.
354,2026-07-23T07:22:00,Camp Coordinator,CASE-0110,CASE_CREATED,CASE,SUCCESS,Screening registration opened at Camp-E (Highland Primary Screening).
355,2026-07-23T11:35:00,Imaging Reviewer,CASE-0110,EVIDENCE_VIEWED,IMAGING,SUCCESS,Reviewed Fundus capture (GOOD).
356,2026-07-27T00:22:00,Case Reviewer,CASE-0110,REVIEW_SUBMITTED,REVIEW,SUCCESS,Clinical decision recorded: REVIEW_REQUIRED.
357,2026-08-23T08:20:00,Camp Coordinator,CASE-0111,CASE_CREATED,CASE,SUCCESS,Screening registration opened at Camp-E (Highland Primary Screening).
358,2026-08-23T12:28:00,Imaging Reviewer,CASE-0111,EVIDENCE_VIEWED,IMAGING,SUCCESS,Reviewed Fundus capture (ACCEPTABLE).
359,2026-08-27T05:20:00,Case Reviewer,CASE-0111,REVIEW_SUBMITTED,REVIEW,SUCCESS,Clinical decision recorded: REVIEW_REQUIRED.
360,2026-08-21T08:39:00,Camp Coordinator,CASE-0112,CASE_CREATED,CASE,SUCCESS,Screening registration opened at Camp-E (Highland Primary Screening).
361,2026-08-21T12:21:00,Imaging Reviewer,CASE-0112,EVIDENCE_VIEWED,IMAGING,SUCCESS,Reviewed OCT capture (GOOD).
362,2026-08-24T06:39:00,Case Reviewer,CASE-0112,REVIEW_SUBMITTED,REVIEW,SUCCESS,Clinical decision recorded: INSUFFICIENT_EVIDENCE.
363,2026-08-31T03:23:00,Camp Coordinator,CASE-0113,CASE_CREATED,CASE,SUCCESS,Screening registration opened at Camp-E (Highland Primary Screening).
364,2026-08-31T04:33:00,Imaging Reviewer,CASE-0113,EVIDENCE_VIEWED,IMAGING,SUCCESS,Reviewed Fundus capture (ACCEPTABLE).
365,2026-09-03T20:23:00,Case Reviewer,CASE-0113,REVIEW_SUBMITTED,REVIEW,SUCCESS,Clinical decision recorded: INSUFFICIENT_EVIDENCE.
366,2026-08-11T04:39:00,Camp Coordinator,CASE-0114,CASE_CREATED,CASE,SUCCESS,Screening registration opened at Camp-B (Eastern Rural Mobile Clinic).
367,2026-08-11T07:19:00,Imaging Reviewer,CASE-0114,EVIDENCE_VIEWED,IMAGING,SUCCESS,Reviewed Slit Lamp capture (ACCEPTABLE).
368,2026-08-15T18:39:00,Case Reviewer,CASE-0114,REVIEW_SUBMITTED,REVIEW,SUCCESS,Clinical decision recorded: CLEAR.
369,2026-08-23T03:12:00,Camp Coordinator,CASE-0115,CASE_CREATED,CASE,SUCCESS,Screening registration opened at Camp-A (North Valley Health Center).
370,2026-08-23T04:57:00,Imaging Reviewer,CASE-0115,EVIDENCE_VIEWED,IMAGING,SUCCESS,Reviewed Slit Lamp capture (LOW_QUALITY).
371,2026-08-23T04:57:00,Imaging Reviewer,CASE-0115,LOW_QUALITY_DETECTED,IMAGING,WARNING,Sub-threshold quality score (35.3/100) triggered automated flag.
372,2026-08-25T18:12:00,Case Reviewer,CASE-0115,REVIEW_SUBMITTED,REVIEW,SUCCESS,Clinical decision recorded: REVIEW_REQUIRED.
373,2026-07-29T02:53:00,Camp Coordinator,CASE-0116,CASE_CREATED,CASE,SUCCESS,Screening registration opened at Camp-D (Riverdale Outreach Hub).
374,2026-07-29T04:16:00,Imaging Reviewer,CASE-0116,EVIDENCE_VIEWED,IMAGING,SUCCESS,Reviewed Fundus capture (ACCEPTABLE).
375,2026-07-29T16:53:00,Administrator,CASE-0116,LINEAGE_ERROR_DETECTED,SPECIMEN,FAILED,Lost specimen accession tag for SPEC-0116 during central lab transport.
376,2026-07-31T18:53:00,Case Reviewer,CASE-0116,REVIEW_SUBMITTED,REVIEW,SUCCESS,Clinical decision recorded: INSUFFICIENT_EVIDENCE.
377,2026-08-05T06:21:00,Camp Coordinator,CASE-0117,CASE_CREATED,CASE,SUCCESS,Screening registration opened at Camp-D (Riverdale Outreach Hub).
378,2026-08-05T11:01:00,Imaging Reviewer,CASE-0117,EVIDENCE_VIEWED,IMAGING,SUCCESS,Reviewed Slit Lamp capture (GOOD).
379,2026-08-07T18:21:00,Case Reviewer,CASE-0117,REVIEW_SUBMITTED,REVIEW,SUCCESS,Clinical decision recorded: REVIEW_REQUIRED.
380,2026-08-19T06:19:00,Camp Coordinator,CASE-0118,CASE_CREATED,CASE,SUCCESS,Screening registration opened at Camp-C (Hillside Community Outpost).
381,2026-08-19T10:40:00,Imaging Reviewer,CASE-0118,EVIDENCE_VIEWED,IMAGING,SUCCESS,Reviewed Fundus capture (GOOD).
382,2026-08-23T01:19:00,Case Reviewer,CASE-0118,REVIEW_SUBMITTED,REVIEW,SUCCESS,Clinical decision recorded: REVIEW_REQUIRED.
383,2026-07-29T02:11:00,Camp Coordinator,CASE-0119,CASE_CREATED,CASE,SUCCESS,Screening registration opened at Camp-E (Highland Primary Screening).
384,2026-07-29T06:52:00,Imaging Reviewer,CASE-0119,EVIDENCE_VIEWED,IMAGING,SUCCESS,Reviewed OCT capture (GOOD).
385,2026-07-31T18:11:00,Case Reviewer,CASE-0119,REVIEW_SUBMITTED,REVIEW,SUCCESS,Clinical decision recorded: REVIEW_REQUIRED.
386,2026-08-28T07:35:00,Camp Coordinator,CASE-0120,CASE_CREATED,CASE,SUCCESS,Screening registration opened at Camp-E (Highland Primary Screening).
387,2026-08-28T09:19:00,Imaging Reviewer,CASE-0120,EVIDENCE_VIEWED,IMAGING,SUCCESS,Reviewed Retinal Image capture (ACCEPTABLE).
388,2026-09-01T07:35:00,Case Reviewer,CASE-0120,REVIEW_SUBMITTED,REVIEW,SUCCESS,Clinical decision recorded: INSUFFICIENT_EVIDENCE.
389,2026-08-11T05:56:00,Camp Coordinator,CASE-0121,CASE_CREATED,CASE,SUCCESS,Screening registration opened at Camp-D (Riverdale Outreach Hub).
390,2026-08-11T09:18:00,Imaging Reviewer,CASE-0121,EVIDENCE_VIEWED,IMAGING,SUCCESS,Reviewed Retinal Image capture (GOOD).
391,2026-08-16T01:56:00,Case Reviewer,CASE-0121,REVIEW_SUBMITTED,REVIEW,SUCCESS,Clinical decision recorded: REVIEW_REQUIRED.
392,2026-07-15T00:04:00,Camp Coordinator,CASE-0122,CASE_CREATED,CASE,SUCCESS,Screening registration opened at Camp-C (Hillside Community Outpost).
393,2026-07-15T02:42:00,Imaging Reviewer,CASE-0122,EVIDENCE_VIEWED,IMAGING,SUCCESS,Reviewed Fundus capture (ACCEPTABLE).
394,2026-07-18T17:04:00,Case Reviewer,CASE-0122,REVIEW_SUBMITTED,REVIEW,SUCCESS,Clinical decision recorded: REVIEW_REQUIRED.
395,2026-08-17T03:28:00,Camp Coordinator,CASE-0123,CASE_CREATED,CASE,SUCCESS,Screening registration opened at Camp-E (Highland Primary Screening).
396,2026-08-17T05:49:00,Imaging Reviewer,CASE-0123,EVIDENCE_VIEWED,IMAGING,SUCCESS,Reviewed Fundus capture (ACCEPTABLE).
397,2026-08-21T19:28:00,Case Reviewer,CASE-0123,REVIEW_SUBMITTED,REVIEW,SUCCESS,Clinical decision recorded: CLEAR.
398,2026-07-25T04:14:00,Camp Coordinator,CASE-0124,CASE_CREATED,CASE,SUCCESS,Screening registration opened at Camp-C (Hillside Community Outpost).
399,2026-07-25T07:52:00,Imaging Reviewer,CASE-0124,EVIDENCE_VIEWED,IMAGING,SUCCESS,Reviewed Retinal Image capture (GOOD).
400,2026-07-25T16:14:00,Administrator,CASE-0124,LINEAGE_ERROR_DETECTED,SPECIMEN,FAILED,Lost specimen accession tag for SPEC-0124 during central lab transport.
401,2026-07-28T20:14:00,Case Reviewer,CASE-0124,REVIEW_SUBMITTED,REVIEW,SUCCESS,Clinical decision recorded: INSUFFICIENT_EVIDENCE.
402,2026-08-20T06:26:00,Camp Coordinator,CASE-0125,CASE_CREATED,CASE,SUCCESS,Screening registration opened at Camp-B (Eastern Rural Mobile Clinic).
403,2026-08-20T08:02:00,Imaging Reviewer,CASE-0125,EVIDENCE_VIEWED,IMAGING,SUCCESS,Reviewed Slit Lamp capture (ACCEPTABLE).
404,2026-08-25T04:26:00,Case Reviewer,CASE-0125,REVIEW_SUBMITTED,REVIEW,SUCCESS,Clinical decision recorded: REVIEW_REQUIRED.
405,2026-08-21T04:53:00,Camp Coordinator,CASE-0126,CASE_CREATED,CASE,SUCCESS,Screening registration opened at Camp-D (Riverdale Outreach Hub).
406,2026-08-21T08:03:00,Imaging Reviewer,CASE-0126,EVIDENCE_VIEWED,IMAGING,SUCCESS,Reviewed OCT capture (ACCEPTABLE).
407,2026-08-25T04:53:00,Case Reviewer,CASE-0126,REVIEW_SUBMITTED,REVIEW,SUCCESS,Clinical decision recorded: REVIEW_REQUIRED.
408,2026-08-23T06:47:00,Camp Coordinator,CASE-0127,CASE_CREATED,CASE,SUCCESS,Screening registration opened at Camp-C (Hillside Community Outpost).
409,2026-08-23T08:23:00,Imaging Reviewer,CASE-0127,EVIDENCE_VIEWED,IMAGING,SUCCESS,Reviewed Slit Lamp capture (GOOD).
410,2026-08-25T20:47:00,Case Reviewer,CASE-0127,REVIEW_SUBMITTED,REVIEW,SUCCESS,Clinical decision recorded: REVIEW_REQUIRED.
411,2026-08-30T00:47:00,Camp Coordinator,CASE-0128,CASE_CREATED,CASE,SUCCESS,Screening registration opened at Camp-C (Hillside Community Outpost).
412,2026-08-30T03:06:00,Imaging Reviewer,CASE-0128,EVIDENCE_VIEWED,IMAGING,SUCCESS,Reviewed Slit Lamp capture (LOW_QUALITY).
413,2026-08-30T03:06:00,Imaging Reviewer,CASE-0128,LOW_QUALITY_DETECTED,IMAGING,WARNING,Sub-threshold quality score (32.2/100) triggered automated flag.
414,2026-09-03T17:47:00,Case Reviewer,CASE-0128,REVIEW_SUBMITTED,REVIEW,SUCCESS,Clinical decision recorded: REVIEW_REQUIRED.
415,2026-08-10T05:49:00,Camp Coordinator,CASE-0129,CASE_CREATED,CASE,SUCCESS,Screening registration opened at Camp-D (Riverdale Outreach Hub).
416,2026-08-10T07:31:00,Imaging Reviewer,CASE-0129,EVIDENCE_VIEWED,IMAGING,SUCCESS,Reviewed OCT capture (ACCEPTABLE).
417,2026-08-14T22:49:00,Case Reviewer,CASE-0129,REVIEW_SUBMITTED,REVIEW,SUCCESS,Clinical decision recorded: REVIEW_REQUIRED.
418,2026-08-23T05:15:00,Camp Coordinator,CASE-0130,CASE_CREATED,CASE,SUCCESS,Screening registration opened at Camp-A (North Valley Health Center).
419,2026-08-23T07:46:00,Imaging Reviewer,CASE-0130,EVIDENCE_VIEWED,IMAGING,SUCCESS,Reviewed Fundus capture (GOOD).
420,2026-08-26T00:15:00,Case Reviewer,CASE-0130,REVIEW_SUBMITTED,REVIEW,SUCCESS,Clinical decision recorded: INSUFFICIENT_EVIDENCE.
421,2026-08-22T08:24:00,Camp Coordinator,CASE-0131,CASE_CREATED,CASE,SUCCESS,Screening registration opened at Camp-D (Riverdale Outreach Hub).
422,2026-08-22T09:36:00,Imaging Reviewer,CASE-0131,EVIDENCE_VIEWED,IMAGING,SUCCESS,Reviewed Retinal Image capture (LOW_QUALITY).
423,2026-08-22T09:36:00,Imaging Reviewer,CASE-0131,LOW_QUALITY_DETECTED,IMAGING,WARNING,Sub-threshold quality score (28.4/100) triggered automated flag.
424,2026-08-25T23:24:00,Case Reviewer,CASE-0131,REVIEW_SUBMITTED,REVIEW,SUCCESS,Clinical decision recorded: REVIEW_REQUIRED.
425,2026-07-20T03:32:00,Camp Coordinator,CASE-0132,CASE_CREATED,CASE,SUCCESS,Screening registration opened at Camp-A (North Valley Health Center).
426,2026-07-20T05:58:00,Imaging Reviewer,CASE-0132,EVIDENCE_VIEWED,IMAGING,SUCCESS,Reviewed Slit Lamp capture (GOOD).
427,2026-07-23T16:32:00,Case Reviewer,CASE-0132,REVIEW_SUBMITTED,REVIEW,SUCCESS,Clinical decision recorded: CLEAR.
428,2026-07-17T08:05:00,Camp Coordinator,CASE-0133,CASE_CREATED,CASE,SUCCESS,Screening registration opened at Camp-B (Eastern Rural Mobile Clinic).
429,2026-07-17T12:21:00,Imaging Reviewer,CASE-0133,EVIDENCE_VIEWED,IMAGING,SUCCESS,Reviewed Retinal Image capture (GOOD).
430,2026-07-21T01:05:00,Case Reviewer,CASE-0133,REVIEW_SUBMITTED,REVIEW,SUCCESS,Clinical decision recorded: CLEAR.
431,2026-07-17T05:29:00,Camp Coordinator,CASE-0134,CASE_CREATED,CASE,SUCCESS,Screening registration opened at Camp-C (Hillside Community Outpost).
432,2026-07-17T06:44:00,Imaging Reviewer,CASE-0134,EVIDENCE_VIEWED,IMAGING,SUCCESS,Reviewed Retinal Image capture (GOOD).
433,2026-07-19T20:29:00,Case Reviewer,CASE-0134,REVIEW_SUBMITTED,REVIEW,SUCCESS,Clinical decision recorded: CLEAR.
434,2026-08-04T03:52:00,Camp Coordinator,CASE-0135,CASE_CREATED,CASE,SUCCESS,Screening registration opened at Camp-D (Riverdale Outreach Hub).
435,2026-08-04T05:02:00,Imaging Reviewer,CASE-0135,EVIDENCE_VIEWED,IMAGING,SUCCESS,Reviewed Slit Lamp capture (GOOD).
436,2026-08-07T20:52:00,Case Reviewer,CASE-0135,CONFLICT_DETECTED,CASE,WARNING,Pathology Severe Abnormality vs Imaging Normal detected by clinical rule engine.
437,2026-08-07T20:52:00,Case Reviewer,CASE-0135,REVIEW_SUBMITTED,REVIEW,SUCCESS,Clinical decision recorded: REVIEW_REQUIRED.
438,2026-08-25T07:11:00,Camp Coordinator,CASE-0136,CASE_CREATED,CASE,SUCCESS,Screening registration opened at Camp-B (Eastern Rural Mobile Clinic).
439,2026-08-25T10:51:00,Imaging Reviewer,CASE-0136,EVIDENCE_VIEWED,IMAGING,SUCCESS,Reviewed Slit Lamp capture (GOOD).
440,2026-08-28T01:11:00,Case Reviewer,CASE-0136,REVIEW_SUBMITTED,REVIEW,SUCCESS,Clinical decision recorded: CLEAR.
441,2026-08-29T23:52:00,Camp Coordinator,CASE-0137,CASE_CREATED,CASE,SUCCESS,Screening registration opened at Camp-D (Riverdale Outreach Hub).
442,2026-08-30T04:34:00,Imaging Reviewer,CASE-0137,EVIDENCE_VIEWED,IMAGING,SUCCESS,Reviewed Retinal Image capture (GOOD).
443,2026-09-03T18:52:00,Case Reviewer,CASE-0137,REVIEW_SUBMITTED,REVIEW,SUCCESS,Clinical decision recorded: INSUFFICIENT_EVIDENCE.
444,2026-07-25T05:42:00,Camp Coordinator,CASE-0138,CASE_CREATED,CASE,SUCCESS,Screening registration opened at Camp-D (Riverdale Outreach Hub).
445,2026-07-25T09:22:00,Imaging Reviewer,CASE-0138,EVIDENCE_VIEWED,IMAGING,SUCCESS,Reviewed Slit Lamp capture (GOOD).
446,2026-07-30T03:42:00,Case Reviewer,CASE-0138,REVIEW_SUBMITTED,REVIEW,SUCCESS,Clinical decision recorded: INSUFFICIENT_EVIDENCE.
447,2026-07-29T04:03:00,Camp Coordinator,CASE-0139,CASE_CREATED,CASE,SUCCESS,Screening registration opened at Camp-D (Riverdale Outreach Hub).
448,2026-07-29T05:20:00,Imaging Reviewer,CASE-0139,EVIDENCE_VIEWED,IMAGING,SUCCESS,Reviewed Slit Lamp capture (GOOD).
449,2026-08-02T23:03:00,Case Reviewer,CASE-0139,CONFLICT_DETECTED,CASE,WARNING,Pathology Severe Abnormality vs Imaging Normal detected by clinical rule engine.
450,2026-08-02T23:03:00,Case Reviewer,CASE-0139,REVIEW_SUBMITTED,REVIEW,SUCCESS,Clinical decision recorded: REVIEW_REQUIRED.
451,2026-07-20T00:04:00,Camp Coordinator,CASE-0140,CASE_CREATED,CASE,SUCCESS,Screening registration opened at Camp-B (Eastern Rural Mobile Clinic).
452,2026-07-20T03:12:00,Imaging Reviewer,CASE-0140,EVIDENCE_VIEWED,IMAGING,SUCCESS,Reviewed Retinal Image capture (ACCEPTABLE).
453,2026-07-22T22:04:00,Case Reviewer,CASE-0140,REVIEW_SUBMITTED,REVIEW,SUCCESS,Clinical decision recorded: CLEAR.
454,2026-08-05T04:24:00,Camp Coordinator,CASE-0141,CASE_CREATED,CASE,SUCCESS,Screening registration opened at Camp-C (Hillside Community Outpost).
455,2026-08-05T08:38:00,Imaging Reviewer,CASE-0141,EVIDENCE_VIEWED,IMAGING,SUCCESS,Reviewed Fundus capture (ACCEPTABLE).
456,2026-08-10T04:24:00,Case Reviewer,CASE-0141,REVIEW_SUBMITTED,REVIEW,SUCCESS,Clinical decision recorded: INSUFFICIENT_EVIDENCE.
457,2026-08-18T05:17:00,Camp Coordinator,CASE-0142,CASE_CREATED,CASE,SUCCESS,Screening registration opened at Camp-C (Hillside Community Outpost).
458,2026-08-18T09:57:00,Imaging Reviewer,CASE-0142,EVIDENCE_VIEWED,IMAGING,SUCCESS,Reviewed Fundus capture (LOW_QUALITY).
459,2026-08-18T09:57:00,Imaging Reviewer,CASE-0142,LOW_QUALITY_DETECTED,IMAGING,WARNING,Sub-threshold quality score (27.6/100) triggered automated flag.
460,2026-08-23T03:17:00,Case Reviewer,CASE-0142,REVIEW_SUBMITTED,REVIEW,SUCCESS,Clinical decision recorded: REVIEW_REQUIRED.
461,2026-08-09T00:08:00,Camp Coordinator,CASE-0143,CASE_CREATED,CASE,SUCCESS,Screening registration opened at Camp-E (Highland Primary Screening).
462,2026-08-09T03:45:00,Imaging Reviewer,CASE-0143,EVIDENCE_VIEWED,IMAGING,SUCCESS,Reviewed Fundus capture (GOOD).
463,2026-08-11T19:08:00,Case Reviewer,CASE-0143,REVIEW_SUBMITTED,REVIEW,SUCCESS,Clinical decision recorded: REVIEW_REQUIRED.
464,2026-08-31T01:14:00,Camp Coordinator,CASE-0144,CASE_CREATED,CASE,SUCCESS,Screening registration opened at Camp-C (Hillside Community Outpost).
465,2026-08-31T02:55:00,Imaging Reviewer,CASE-0144,EVIDENCE_VIEWED,IMAGING,SUCCESS,Reviewed OCT capture (GOOD).
466,2026-09-02T16:14:00,Case Reviewer,CASE-0144,REVIEW_SUBMITTED,REVIEW,SUCCESS,Clinical decision recorded: INSUFFICIENT_EVIDENCE.
467,2026-08-30T07:37:00,Camp Coordinator,CASE-0145,CASE_CREATED,CASE,SUCCESS,Screening registration opened at Camp-E (Highland Primary Screening).
468,2026-08-30T12:06:00,Imaging Reviewer,CASE-0145,EVIDENCE_VIEWED,IMAGING,SUCCESS,Reviewed Retinal Image capture (GOOD).
469,2026-09-03T01:37:00,Case Reviewer,CASE-0145,REVIEW_SUBMITTED,REVIEW,SUCCESS,Clinical decision recorded: REVIEW_REQUIRED.
470,2026-08-31T23:21:00,Camp Coordinator,CASE-0146,CASE_CREATED,CASE,SUCCESS,Screening registration opened at Camp-D (Riverdale Outreach Hub).
471,2026-09-01T02:39:00,Imaging Reviewer,CASE-0146,EVIDENCE_VIEWED,IMAGING,SUCCESS,Reviewed Retinal Image capture (LOW_QUALITY).
472,2026-09-01T02:39:00,Imaging Reviewer,CASE-0146,LOW_QUALITY_DETECTED,IMAGING,WARNING,Sub-threshold quality score (45.8/100) triggered automated flag.
473,2026-09-05T11:21:00,Case Reviewer,CASE-0146,REVIEW_SUBMITTED,REVIEW,SUCCESS,Clinical decision recorded: REVIEW_REQUIRED.
474,2026-08-16T07:47:00,Camp Coordinator,CASE-0147,CASE_CREATED,CASE,SUCCESS,Screening registration opened at Camp-E (Highland Primary Screening).
475,2026-08-16T09:10:00,Imaging Reviewer,CASE-0147,EVIDENCE_VIEWED,IMAGING,SUCCESS,Reviewed Fundus capture (GOOD).
476,2026-08-20T01:47:00,Case Reviewer,CASE-0147,REVIEW_SUBMITTED,REVIEW,SUCCESS,Clinical decision recorded: INSUFFICIENT_EVIDENCE.
477,2026-07-18T02:42:00,Camp Coordinator,CASE-0148,CASE_CREATED,CASE,SUCCESS,Screening registration opened at Camp-C (Hillside Community Outpost).
478,2026-07-18T06:18:00,Imaging Reviewer,CASE-0148,EVIDENCE_VIEWED,IMAGING,SUCCESS,Reviewed Fundus capture (ACCEPTABLE).
479,2026-07-18T15:42:00,Administrator,CASE-0148,LINEAGE_ERROR_DETECTED,SPECIMEN,FAILED,Lost specimen accession tag for SPEC-0148 during central lab transport.
480,2026-07-20T18:42:00,Case Reviewer,CASE-0148,REVIEW_SUBMITTED,REVIEW,SUCCESS,Clinical decision recorded: INSUFFICIENT_EVIDENCE.
481,2026-08-30T00:43:00,Camp Coordinator,CASE-0149,CASE_CREATED,CASE,SUCCESS,Screening registration opened at Camp-E (Highland Primary Screening).
482,2026-08-30T03:25:00,Imaging Reviewer,CASE-0149,EVIDENCE_VIEWED,IMAGING,SUCCESS,Reviewed Slit Lamp capture (ACCEPTABLE).
483,2026-09-01T14:43:00,Case Reviewer,CASE-0149,REVIEW_SUBMITTED,REVIEW,SUCCESS,Clinical decision recorded: REFER.
484,2026-08-18T07:43:00,Camp Coordinator,CASE-0150,CASE_CREATED,CASE,SUCCESS,Screening registration opened at Camp-C (Hillside Community Outpost).
485,2026-08-18T11:12:00,Imaging Reviewer,CASE-0150,EVIDENCE_VIEWED,IMAGING,SUCCESS,Reviewed Retinal Image capture (LOW_QUALITY).
486,2026-08-18T11:12:00,Imaging Reviewer,CASE-0150,LOW_QUALITY_DETECTED,IMAGING,WARNING,Sub-threshold quality score (46.1/100) triggered automated flag.
487,2026-08-23T02:43:00,Case Reviewer,CASE-0150,REVIEW_SUBMITTED,REVIEW,SUCCESS,Clinical decision recorded: REVIEW_REQUIRED.
488,2026-07-30T04:35:00,Camp Coordinator,CASE-0151,CASE_CREATED,CASE,SUCCESS,Screening registration opened at Camp-B (Eastern Rural Mobile Clinic).
489,2026-07-30T09:18:00,Imaging Reviewer,CASE-0151,EVIDENCE_VIEWED,IMAGING,SUCCESS,Reviewed Fundus capture (GOOD).
490,2026-08-01T17:35:00,Case Reviewer,CASE-0151,REVIEW_SUBMITTED,REVIEW,SUCCESS,Clinical decision recorded: INSUFFICIENT_EVIDENCE.
491,2026-08-02T05:22:00,Camp Coordinator,CASE-0152,CASE_CREATED,CASE,SUCCESS,Screening registration opened at Camp-B (Eastern Rural Mobile Clinic).
492,2026-08-02T07:35:00,Imaging Reviewer,CASE-0152,EVIDENCE_VIEWED,IMAGING,SUCCESS,Reviewed Fundus capture (GOOD).
493,2026-08-04T20:22:00,Case Reviewer,CASE-0152,REVIEW_SUBMITTED,REVIEW,SUCCESS,Clinical decision recorded: INSUFFICIENT_EVIDENCE.
494,2026-08-18T02:21:00,Camp Coordinator,CASE-0153,CASE_CREATED,CASE,SUCCESS,Screening registration opened at Camp-B (Eastern Rural Mobile Clinic).
495,2026-08-18T05:55:00,Imaging Reviewer,CASE-0153,EVIDENCE_VIEWED,IMAGING,SUCCESS,Reviewed Fundus capture (ACCEPTABLE).
496,2026-08-23T03:21:00,Case Reviewer,CASE-0153,REVIEW_SUBMITTED,REVIEW,SUCCESS,Clinical decision recorded: CLEAR.
497,2026-07-20T02:26:00,Camp Coordinator,CASE-0154,CASE_CREATED,CASE,SUCCESS,Screening registration opened at Camp-D (Riverdale Outreach Hub).
498,2026-07-20T06:55:00,Imaging Reviewer,CASE-0154,EVIDENCE_VIEWED,IMAGING,SUCCESS,Reviewed Slit Lamp capture (GOOD).
499,2026-07-20T14:26:00,Administrator,CASE-0154,LINEAGE_ERROR_DETECTED,SPECIMEN,FAILED,Lost specimen accession tag for SPEC-0154 during central lab transport.
500,2026-07-24T16:26:00,Case Reviewer,CASE-0154,REVIEW_SUBMITTED,REVIEW,SUCCESS,Clinical decision recorded: INSUFFICIENT_EVIDENCE.
501,2026-07-27T00:52:00,Camp Coordinator,CASE-0155,CASE_CREATED,CASE,SUCCESS,Screening registration opened at Camp-E (Highland Primary Screening).
502,2026-07-27T05:20:00,Imaging Reviewer,CASE-0155,EVIDENCE_VIEWED,IMAGING,SUCCESS,Reviewed Fundus capture (LOW_QUALITY).
503,2026-07-27T05:20:00,Imaging Reviewer,CASE-0155,LOW_QUALITY_DETECTED,IMAGING,WARNING,Sub-threshold quality score (28.6/100) triggered automated flag.
504,2026-07-30T22:52:00,Case Reviewer,CASE-0155,REVIEW_SUBMITTED,REVIEW,SUCCESS,Clinical decision recorded: REVIEW_REQUIRED.
505,2026-07-27T03:10:00,Camp Coordinator,CASE-0156,CASE_CREATED,CASE,SUCCESS,Screening registration opened at Camp-D (Riverdale Outreach Hub).
506,2026-07-27T05:21:00,Imaging Reviewer,CASE-0156,EVIDENCE_VIEWED,IMAGING,SUCCESS,Reviewed OCT capture (GOOD).
507,2026-07-27T14:10:00,Administrator,CASE-0156,LINEAGE_ERROR_DETECTED,SPECIMEN,FAILED,Lost specimen accession tag for SPEC-0156 during central lab transport.
508,2026-07-31T18:10:00,Case Reviewer,CASE-0156,REVIEW_SUBMITTED,REVIEW,SUCCESS,Clinical decision recorded: INSUFFICIENT_EVIDENCE.
509,2026-08-26T23:57:00,Camp Coordinator,CASE-0157,CASE_CREATED,CASE,SUCCESS,Screening registration opened at Camp-D (Riverdale Outreach Hub).
510,2026-08-27T02:42:00,Imaging Reviewer,CASE-0157,EVIDENCE_VIEWED,IMAGING,SUCCESS,Reviewed Retinal Image capture (GOOD).
511,2026-08-29T18:57:00,Case Reviewer,CASE-0157,REVIEW_SUBMITTED,REVIEW,SUCCESS,Clinical decision recorded: INSUFFICIENT_EVIDENCE.
512,2026-07-22T08:49:00,Camp Coordinator,CASE-0158,CASE_CREATED,CASE,SUCCESS,Screening registration opened at Camp-A (North Valley Health Center).
513,2026-07-22T11:27:00,Imaging Reviewer,CASE-0158,EVIDENCE_VIEWED,IMAGING,SUCCESS,Reviewed Fundus capture (GOOD).
514,2026-07-26T07:49:00,Case Reviewer,CASE-0158,REVIEW_SUBMITTED,REVIEW,SUCCESS,Clinical decision recorded: CLEAR.
515,2026-07-31T04:38:00,Camp Coordinator,CASE-0159,CASE_CREATED,CASE,SUCCESS,Screening registration opened at Camp-A (North Valley Health Center).
516,2026-07-31T09:07:00,Imaging Reviewer,CASE-0159,EVIDENCE_VIEWED,IMAGING,SUCCESS,Reviewed Retinal Image capture (GOOD).
517,2026-08-02T19:38:00,Case Reviewer,CASE-0159,REVIEW_SUBMITTED,REVIEW,SUCCESS,Clinical decision recorded: CLEAR.
518,2026-08-16T05:41:00,Camp Coordinator,CASE-0160,CASE_CREATED,CASE,SUCCESS,Screening registration opened at Camp-A (North Valley Health Center).
519,2026-08-16T09:08:00,Imaging Reviewer,CASE-0160,EVIDENCE_VIEWED,IMAGING,SUCCESS,Reviewed OCT capture (GOOD).
520,2026-08-18T22:41:00,Case Reviewer,CASE-0160,REVIEW_SUBMITTED,REVIEW,SUCCESS,Clinical decision recorded: CLEAR.
521,2026-07-29T08:05:00,Camp Coordinator,CASE-0161,CASE_CREATED,CASE,SUCCESS,Screening registration opened at Camp-D (Riverdale Outreach Hub).
522,2026-07-29T11:41:00,Imaging Reviewer,CASE-0161,EVIDENCE_VIEWED,IMAGING,SUCCESS,Reviewed OCT capture (GOOD).
523,2026-08-02T02:05:00,Case Reviewer,CASE-0161,REVIEW_SUBMITTED,REVIEW,SUCCESS,Clinical decision recorded: INSUFFICIENT_EVIDENCE.
524,2026-09-01T08:16:00,Camp Coordinator,CASE-0162,CASE_CREATED,CASE,SUCCESS,Screening registration opened at Camp-B (Eastern Rural Mobile Clinic).
525,2026-09-01T10:56:00,Imaging Reviewer,CASE-0162,EVIDENCE_VIEWED,IMAGING,SUCCESS,Reviewed Slit Lamp capture (GOOD).
526,2026-09-05T01:16:00,Case Reviewer,CASE-0162,CONFLICT_DETECTED,CASE,WARNING,Pathology Severe Abnormality vs Imaging Normal detected by clinical rule engine.
527,2026-09-05T01:16:00,Case Reviewer,CASE-0162,REVIEW_SUBMITTED,REVIEW,SUCCESS,Clinical decision recorded: REVIEW_REQUIRED.
528,2026-08-15T01:48:00,Camp Coordinator,CASE-0163,CASE_CREATED,CASE,SUCCESS,Screening registration opened at Camp-E (Highland Primary Screening).
529,2026-08-15T06:17:00,Imaging Reviewer,CASE-0163,EVIDENCE_VIEWED,IMAGING,SUCCESS,Reviewed OCT capture (ACCEPTABLE).
530,2026-08-19T21:48:00,Case Reviewer,CASE-0163,REVIEW_SUBMITTED,REVIEW,SUCCESS,Clinical decision recorded: REFER.
531,2026-08-16T01:06:00,Camp Coordinator,CASE-0164,CASE_CREATED,CASE,SUCCESS,Screening registration opened at Camp-A (North Valley Health Center).
532,2026-08-16T04:33:00,Imaging Reviewer,CASE-0164,EVIDENCE_VIEWED,IMAGING,SUCCESS,Reviewed Fundus capture (GOOD).
533,2026-08-20T01:06:00,Case Reviewer,CASE-0164,CONFLICT_DETECTED,CASE,WARNING,Pathology Severe Abnormality vs Imaging Normal detected by clinical rule engine.
534,2026-08-20T01:06:00,Case Reviewer,CASE-0164,REVIEW_SUBMITTED,REVIEW,SUCCESS,Clinical decision recorded: REVIEW_REQUIRED.
535,2026-08-27T02:20:00,Camp Coordinator,CASE-0165,CASE_CREATED,CASE,SUCCESS,Screening registration opened at Camp-C (Hillside Community Outpost).
536,2026-08-27T07:05:00,Imaging Reviewer,CASE-0165,EVIDENCE_VIEWED,IMAGING,SUCCESS,Reviewed Retinal Image capture (GOOD).
537,2026-08-31T20:20:00,Case Reviewer,CASE-0165,REVIEW_SUBMITTED,REVIEW,SUCCESS,Clinical decision recorded: REFER.
538,2026-08-24T05:17:00,Camp Coordinator,CASE-0166,CASE_CREATED,CASE,SUCCESS,Screening registration opened at Camp-C (Hillside Community Outpost).
539,2026-08-24T09:57:00,Imaging Reviewer,CASE-0166,EVIDENCE_VIEWED,IMAGING,SUCCESS,Reviewed Fundus capture (GOOD).
540,2026-08-26T19:17:00,Case Reviewer,CASE-0166,CONFLICT_DETECTED,CASE,WARNING,Pathology Severe Abnormality vs Imaging Normal detected by clinical rule engine.
541,2026-08-26T19:17:00,Case Reviewer,CASE-0166,REVIEW_SUBMITTED,REVIEW,SUCCESS,Clinical decision recorded: REVIEW_REQUIRED.
542,2026-08-17T04:31:00,Camp Coordinator,CASE-0167,CASE_CREATED,CASE,SUCCESS,Screening registration opened at Camp-B (Eastern Rural Mobile Clinic).
543,2026-08-17T08:06:00,Imaging Reviewer,CASE-0167,EVIDENCE_VIEWED,IMAGING,SUCCESS,Reviewed Retinal Image capture (GOOD).
544,2026-08-21T02:31:00,Case Reviewer,CASE-0167,REVIEW_SUBMITTED,REVIEW,SUCCESS,Clinical decision recorded: INSUFFICIENT_EVIDENCE.
545,2026-08-02T00:45:00,Camp Coordinator,CASE-0168,CASE_CREATED,CASE,SUCCESS,Screening registration opened at Camp-A (North Valley Health Center).
546,2026-08-02T01:50:00,Imaging Reviewer,CASE-0168,EVIDENCE_VIEWED,IMAGING,SUCCESS,Reviewed OCT capture (GOOD).
547,2026-08-05T19:45:00,Case Reviewer,CASE-0168,CONFLICT_DETECTED,CASE,WARNING,Pathology Severe Abnormality vs Imaging Normal detected by clinical rule engine.
548,2026-08-05T19:45:00,Case Reviewer,CASE-0168,REVIEW_SUBMITTED,REVIEW,SUCCESS,Clinical decision recorded: REVIEW_REQUIRED.
549,2026-08-20T02:03:00,Camp Coordinator,CASE-0169,CASE_CREATED,CASE,SUCCESS,Screening registration opened at Camp-E (Highland Primary Screening).
550,2026-08-20T06:32:00,Imaging Reviewer,CASE-0169,EVIDENCE_VIEWED,IMAGING,SUCCESS,Reviewed OCT capture (LOW_QUALITY).
551,2026-08-20T06:32:00,Imaging Reviewer,CASE-0169,LOW_QUALITY_DETECTED,IMAGING,WARNING,Sub-threshold quality score (31.0/100) triggered automated flag.
552,2026-08-24T22:03:00,Case Reviewer,CASE-0169,REVIEW_SUBMITTED,REVIEW,SUCCESS,Clinical decision recorded: REVIEW_REQUIRED.
553,2026-08-14T07:19:00,Camp Coordinator,CASE-0170,CASE_CREATED,CASE,SUCCESS,Screening registration opened at Camp-D (Riverdale Outreach Hub).
554,2026-08-14T10:25:00,Imaging Reviewer,CASE-0170,EVIDENCE_VIEWED,IMAGING,SUCCESS,Reviewed OCT capture (ACCEPTABLE).
555,2026-08-17T00:19:00,Case Reviewer,CASE-0170,REVIEW_SUBMITTED,REVIEW,SUCCESS,Clinical decision recorded: CLEAR.
556,2026-07-15T06:56:00,Camp Coordinator,CASE-0171,CASE_CREATED,CASE,SUCCESS,Screening registration opened at Camp-C (Hillside Community Outpost).
557,2026-07-15T10:25:00,Imaging Reviewer,CASE-0171,EVIDENCE_VIEWED,IMAGING,SUCCESS,Reviewed Fundus capture (ACCEPTABLE).
558,2026-07-15T17:56:00,Administrator,CASE-0171,LINEAGE_ERROR_DETECTED,SPECIMEN,FAILED,Lost specimen accession tag for SPEC-0171 during central lab transport.
559,2026-07-19T20:56:00,Case Reviewer,CASE-0171,REVIEW_SUBMITTED,REVIEW,SUCCESS,Clinical decision recorded: INSUFFICIENT_EVIDENCE.
560,2026-07-23T08:12:00,Camp Coordinator,CASE-0172,CASE_CREATED,CASE,SUCCESS,Screening registration opened at Camp-E (Highland Primary Screening).
561,2026-07-23T11:20:00,Imaging Reviewer,CASE-0172,EVIDENCE_VIEWED,IMAGING,SUCCESS,Reviewed OCT capture (GOOD).
562,2026-07-25T23:12:00,Case Reviewer,CASE-0172,REVIEW_SUBMITTED,REVIEW,SUCCESS,Clinical decision recorded: INSUFFICIENT_EVIDENCE.
563,2026-07-24T03:11:00,Camp Coordinator,CASE-0173,CASE_CREATED,CASE,SUCCESS,Screening registration opened at Camp-A (North Valley Health Center).
564,2026-07-24T04:24:00,Imaging Reviewer,CASE-0173,EVIDENCE_VIEWED,IMAGING,SUCCESS,Reviewed Retinal Image capture (LOW_QUALITY).
565,2026-07-24T04:24:00,Imaging Reviewer,CASE-0173,LOW_QUALITY_DETECTED,IMAGING,WARNING,Sub-threshold quality score (30.4/100) triggered automated flag.
566,2026-07-29T00:11:00,Case Reviewer,CASE-0173,REVIEW_SUBMITTED,REVIEW,SUCCESS,Clinical decision recorded: REVIEW_REQUIRED.
567,2026-08-21T00:37:00,Camp Coordinator,CASE-0174,CASE_CREATED,CASE,SUCCESS,Screening registration opened at Camp-C (Hillside Community Outpost).
568,2026-08-21T02:15:00,Imaging Reviewer,CASE-0174,EVIDENCE_VIEWED,IMAGING,SUCCESS,Reviewed OCT capture (GOOD).
569,2026-08-25T20:37:00,Case Reviewer,CASE-0174,REVIEW_SUBMITTED,REVIEW,SUCCESS,Clinical decision recorded: INSUFFICIENT_EVIDENCE.
570,2026-08-22T23:41:00,Camp Coordinator,CASE-0175,CASE_CREATED,CASE,SUCCESS,Screening registration opened at Camp-C (Hillside Community Outpost).
571,2026-08-23T00:54:00,Imaging Reviewer,CASE-0175,EVIDENCE_VIEWED,IMAGING,SUCCESS,Reviewed OCT capture (GOOD).
572,2026-08-26T19:41:00,Case Reviewer,CASE-0175,REVIEW_SUBMITTED,REVIEW,SUCCESS,Clinical decision recorded: INSUFFICIENT_EVIDENCE.
573,2026-07-22T01:03:00,Camp Coordinator,CASE-0176,CASE_CREATED,CASE,SUCCESS,Screening registration opened at Camp-A (North Valley Health Center).
574,2026-07-22T05:31:00,Imaging Reviewer,CASE-0176,EVIDENCE_VIEWED,IMAGING,SUCCESS,Reviewed Fundus capture (GOOD).
575,2026-07-24T19:03:00,Case Reviewer,CASE-0176,REVIEW_SUBMITTED,REVIEW,SUCCESS,Clinical decision recorded: INSUFFICIENT_EVIDENCE.
576,2026-07-22T23:37:00,Camp Coordinator,CASE-0177,CASE_CREATED,CASE,SUCCESS,Screening registration opened at Camp-D (Riverdale Outreach Hub).
577,2026-07-23T02:52:00,Imaging Reviewer,CASE-0177,EVIDENCE_VIEWED,IMAGING,SUCCESS,Reviewed Retinal Image capture (GOOD).
578,2026-07-25T21:37:00,Case Reviewer,CASE-0177,REVIEW_SUBMITTED,REVIEW,SUCCESS,Clinical decision recorded: CLEAR.
579,2026-08-13T23:58:00,Camp Coordinator,CASE-0178,CASE_CREATED,CASE,SUCCESS,Screening registration opened at Camp-E (Highland Primary Screening).
580,2026-08-14T03:04:00,Imaging Reviewer,CASE-0178,EVIDENCE_VIEWED,IMAGING,SUCCESS,Reviewed Slit Lamp capture (GOOD).
581,2026-08-18T13:58:00,Case Reviewer,CASE-0178,REVIEW_SUBMITTED,REVIEW,SUCCESS,Clinical decision recorded: REVIEW_REQUIRED.
582,2026-07-17T03:09:00,Camp Coordinator,CASE-0179,CASE_CREATED,CASE,SUCCESS,Screening registration opened at Camp-D (Riverdale Outreach Hub).
583,2026-07-17T06:16:00,Imaging Reviewer,CASE-0179,EVIDENCE_VIEWED,IMAGING,SUCCESS,Reviewed Retinal Image capture (ACCEPTABLE).
584,2026-07-19T16:09:00,Case Reviewer,CASE-0179,REVIEW_SUBMITTED,REVIEW,SUCCESS,Clinical decision recorded: REFER.
585,2026-07-20T02:31:00,Camp Coordinator,CASE-0180,CASE_CREATED,CASE,SUCCESS,Screening registration opened at Camp-E (Highland Primary Screening).
586,2026-07-20T04:44:00,Imaging Reviewer,CASE-0180,EVIDENCE_VIEWED,IMAGING,SUCCESS,Reviewed Slit Lamp capture (ACCEPTABLE).
587,2026-07-20T18:31:00,Administrator,CASE-0180,LINEAGE_ERROR_DETECTED,SPECIMEN,FAILED,Lost specimen accession tag for SPEC-0180 during central lab transport.
588,2026-07-23T00:31:00,Case Reviewer,CASE-0180,REVIEW_SUBMITTED,REVIEW,SUCCESS,Clinical decision recorded: INSUFFICIENT_EVIDENCE.
589,2026-08-20T00:20:00,Camp Coordinator,CASE-0181,CASE_CREATED,CASE,SUCCESS,Screening registration opened at Camp-E (Highland Primary Screening).
590,2026-08-20T01:32:00,Imaging Reviewer,CASE-0181,EVIDENCE_VIEWED,IMAGING,SUCCESS,Reviewed Retinal Image capture (ACCEPTABLE).
591,2026-08-22T18:20:00,Case Reviewer,CASE-0181,REVIEW_SUBMITTED,REVIEW,SUCCESS,Clinical decision recorded: REVIEW_REQUIRED.
592,2026-08-25T08:44:00,Camp Coordinator,CASE-0182,CASE_CREATED,CASE,SUCCESS,Screening registration opened at Camp-E (Highland Primary Screening).
593,2026-08-25T12:17:00,Imaging Reviewer,CASE-0182,EVIDENCE_VIEWED,IMAGING,SUCCESS,Reviewed Retinal Image capture (ACCEPTABLE).
594,2026-08-29T05:44:00,Case Reviewer,CASE-0182,REVIEW_SUBMITTED,REVIEW,SUCCESS,Clinical decision recorded: REVIEW_REQUIRED.
595,2026-08-15T08:30:00,Camp Coordinator,CASE-0183,CASE_CREATED,CASE,SUCCESS,Screening registration opened at Camp-A (North Valley Health Center).
596,2026-08-15T11:41:00,Imaging Reviewer,CASE-0183,EVIDENCE_VIEWED,IMAGING,SUCCESS,Reviewed Fundus capture (ACCEPTABLE).
597,2026-08-20T01:30:00,Case Reviewer,CASE-0183,REVIEW_SUBMITTED,REVIEW,SUCCESS,Clinical decision recorded: REVIEW_REQUIRED.
598,2026-08-30T05:26:00,Camp Coordinator,CASE-0184,CASE_CREATED,CASE,SUCCESS,Screening registration opened at Camp-C (Hillside Community Outpost).
599,2026-08-30T08:53:00,Imaging Reviewer,CASE-0184,EVIDENCE_VIEWED,IMAGING,SUCCESS,Reviewed Slit Lamp capture (ACCEPTABLE).
600,2026-09-02T04:26:00,Case Reviewer,CASE-0184,REVIEW_SUBMITTED,REVIEW,SUCCESS,Clinical decision recorded: REFER.
601,2026-07-27T06:32:00,Camp Coordinator,CASE-0185,CASE_CREATED,CASE,SUCCESS,Screening registration opened at Camp-C (Hillside Community Outpost).
602,2026-07-27T09:14:00,Imaging Reviewer,CASE-0185,EVIDENCE_VIEWED,IMAGING,SUCCESS,Reviewed OCT capture (GOOD).
603,2026-08-01T00:32:00,Case Reviewer,CASE-0185,REVIEW_SUBMITTED,REVIEW,SUCCESS,Clinical decision recorded: REVIEW_REQUIRED.
604,2026-08-06T02:40:00,Camp Coordinator,CASE-0186,CASE_CREATED,CASE,SUCCESS,Screening registration opened at Camp-D (Riverdale Outreach Hub).
605,2026-08-06T06:23:00,Imaging Reviewer,CASE-0186,EVIDENCE_VIEWED,IMAGING,SUCCESS,Reviewed OCT capture (GOOD).
606,2026-08-09T23:40:00,Case Reviewer,CASE-0186,REVIEW_SUBMITTED,REVIEW,SUCCESS,Clinical decision recorded: INSUFFICIENT_EVIDENCE.
607,2026-08-08T01:29:00,Camp Coordinator,CASE-0187,CASE_CREATED,CASE,SUCCESS,Screening registration opened at Camp-B (Eastern Rural Mobile Clinic).
608,2026-08-08T02:51:00,Imaging Reviewer,CASE-0187,EVIDENCE_VIEWED,IMAGING,SUCCESS,Reviewed Retinal Image capture (ACCEPTABLE).
609,2026-08-11T18:29:00,Case Reviewer,CASE-0187,REVIEW_SUBMITTED,REVIEW,SUCCESS,Clinical decision recorded: INSUFFICIENT_EVIDENCE.
610,2026-08-06T23:12:00,Camp Coordinator,CASE-0188,CASE_CREATED,CASE,SUCCESS,Screening registration opened at Camp-E (Highland Primary Screening).
611,2026-08-07T00:32:00,Imaging Reviewer,CASE-0188,EVIDENCE_VIEWED,IMAGING,SUCCESS,Reviewed Retinal Image capture (GOOD).
612,2026-08-10T20:12:00,Case Reviewer,CASE-0188,REVIEW_SUBMITTED,REVIEW,SUCCESS,Clinical decision recorded: INSUFFICIENT_EVIDENCE.
613,2026-08-23T01:06:00,Camp Coordinator,CASE-0189,CASE_CREATED,CASE,SUCCESS,Screening registration opened at Camp-D (Riverdale Outreach Hub).
614,2026-08-23T03:36:00,Imaging Reviewer,CASE-0189,EVIDENCE_VIEWED,IMAGING,SUCCESS,Reviewed Retinal Image capture (ACCEPTABLE).
615,2026-08-27T20:06:00,Case Reviewer,CASE-0189,REVIEW_SUBMITTED,REVIEW,SUCCESS,Clinical decision recorded: INSUFFICIENT_EVIDENCE.
616,2026-07-30T23:49:00,Camp Coordinator,CASE-0190,CASE_CREATED,CASE,SUCCESS,Screening registration opened at Camp-D (Riverdale Outreach Hub).
617,2026-07-31T02:04:00,Imaging Reviewer,CASE-0190,EVIDENCE_VIEWED,IMAGING,SUCCESS,Reviewed OCT capture (ACCEPTABLE).
618,2026-08-02T18:49:00,Case Reviewer,CASE-0190,REVIEW_SUBMITTED,REVIEW,SUCCESS,Clinical decision recorded: CLEAR.
619,2026-08-01T05:46:00,Camp Coordinator,CASE-0191,CASE_CREATED,CASE,SUCCESS,Screening registration opened at Camp-E (Highland Primary Screening).
620,2026-08-01T07:06:00,Imaging Reviewer,CASE-0191,EVIDENCE_VIEWED,IMAGING,SUCCESS,Reviewed Slit Lamp capture (GOOD).
621,2026-08-01T18:46:00,Administrator,CASE-0191,LINEAGE_ERROR_DETECTED,SPECIMEN,FAILED,Lost specimen accession tag for SPEC-0191 during central lab transport.
622,2026-08-05T20:46:00,Case Reviewer,CASE-0191,REVIEW_SUBMITTED,REVIEW,SUCCESS,Clinical decision recorded: INSUFFICIENT_EVIDENCE.
623,2026-08-06T06:49:00,Camp Coordinator,CASE-0192,CASE_CREATED,CASE,SUCCESS,Screening registration opened at Camp-C (Hillside Community Outpost).
624,2026-08-06T07:59:00,Imaging Reviewer,CASE-0192,EVIDENCE_VIEWED,IMAGING,SUCCESS,Reviewed Slit Lamp capture (ACCEPTABLE).
625,2026-08-08T23:49:00,Case Reviewer,CASE-0192,REVIEW_SUBMITTED,REVIEW,SUCCESS,Clinical decision recorded: CLEAR.
626,2026-07-23T00:54:00,Camp Coordinator,CASE-0193,CASE_CREATED,CASE,SUCCESS,Screening registration opened at Camp-D (Riverdale Outreach Hub).
627,2026-07-23T04:07:00,Imaging Reviewer,CASE-0193,EVIDENCE_VIEWED,IMAGING,SUCCESS,Reviewed Retinal Image capture (GOOD).
628,2026-07-25T16:54:00,Case Reviewer,CASE-0193,REVIEW_SUBMITTED,REVIEW,SUCCESS,Clinical decision recorded: REVIEW_REQUIRED.
629,2026-07-23T05:59:00,Camp Coordinator,CASE-0194,CASE_CREATED,CASE,SUCCESS,Screening registration opened at Camp-B (Eastern Rural Mobile Clinic).
630,2026-07-23T09:04:00,Imaging Reviewer,CASE-0194,EVIDENCE_VIEWED,IMAGING,SUCCESS,Reviewed Fundus capture (GOOD).
631,2026-07-26T04:59:00,Case Reviewer,CASE-0194,REVIEW_SUBMITTED,REVIEW,SUCCESS,Clinical decision recorded: REVIEW_REQUIRED.
632,2026-07-16T08:06:00,Camp Coordinator,CASE-0195,CASE_CREATED,CASE,SUCCESS,Screening registration opened at Camp-E (Highland Primary Screening).
633,2026-07-16T11:33:00,Imaging Reviewer,CASE-0195,EVIDENCE_VIEWED,IMAGING,SUCCESS,Reviewed Fundus capture (GOOD).
634,2026-07-21T03:06:00,Case Reviewer,CASE-0195,REVIEW_SUBMITTED,REVIEW,SUCCESS,Clinical decision recorded: REVIEW_REQUIRED.
635,2026-08-13T05:26:00,Camp Coordinator,CASE-0196,CASE_CREATED,CASE,SUCCESS,Screening registration opened at Camp-C (Hillside Community Outpost).
636,2026-08-13T06:59:00,Imaging Reviewer,CASE-0196,EVIDENCE_VIEWED,IMAGING,SUCCESS,Reviewed Fundus capture (GOOD).
637,2026-08-16T02:26:00,Case Reviewer,CASE-0196,REVIEW_SUBMITTED,REVIEW,SUCCESS,Clinical decision recorded: CLEAR.
638,2026-07-25T07:38:00,Camp Coordinator,CASE-0197,CASE_CREATED,CASE,SUCCESS,Screening registration opened at Camp-D (Riverdale Outreach Hub).
639,2026-07-25T09:19:00,Imaging Reviewer,CASE-0197,EVIDENCE_VIEWED,IMAGING,SUCCESS,Reviewed Slit Lamp capture (GOOD).
640,2026-07-27T22:38:00,Case Reviewer,CASE-0197,REVIEW_SUBMITTED,REVIEW,SUCCESS,Clinical decision recorded: REVIEW_REQUIRED.
641,2026-07-18T04:23:00,Camp Coordinator,CASE-0198,CASE_CREATED,CASE,SUCCESS,Screening registration opened at Camp-B (Eastern Rural Mobile Clinic).
642,2026-07-18T08:31:00,Imaging Reviewer,CASE-0198,EVIDENCE_VIEWED,IMAGING,SUCCESS,Reviewed OCT capture (ACCEPTABLE).
643,2026-07-21T01:23:00,Case Reviewer,CASE-0198,REVIEW_SUBMITTED,REVIEW,SUCCESS,Clinical decision recorded: REVIEW_REQUIRED.
644,2026-07-18T01:29:00,Camp Coordinator,CASE-0199,CASE_CREATED,CASE,SUCCESS,Screening registration opened at Camp-B (Eastern Rural Mobile Clinic).
645,2026-07-18T03:55:00,Imaging Reviewer,CASE-0199,EVIDENCE_VIEWED,IMAGING,SUCCESS,Reviewed Slit Lamp capture (GOOD).
646,2026-07-22T21:29:00,Case Reviewer,CASE-0199,REVIEW_SUBMITTED,REVIEW,SUCCESS,Clinical decision recorded: REVIEW_REQUIRED.
647,2026-08-03T02:22:00,Camp Coordinator,CASE-0200,CASE_CREATED,CASE,SUCCESS,Screening registration opened at Camp-D (Riverdale Outreach Hub).
648,2026-08-03T03:48:00,Imaging Reviewer,CASE-0200,EVIDENCE_VIEWED,IMAGING,SUCCESS,Reviewed OCT capture (LOW_QUALITY).
649,2026-08-03T03:48:00,Imaging Reviewer,CASE-0200,LOW_QUALITY_DETECTED,IMAGING,WARNING,Sub-threshold quality score (43.7/100) triggered automated flag.
650,2026-08-07T22:22:00,Case Reviewer,CASE-0200,REVIEW_SUBMITTED,REVIEW,SUCCESS,Clinical decision recorded: REVIEW_REQUIRED.
651,2026-08-26T01:48:00,Camp Coordinator,CASE-0201,CASE_CREATED,CASE,SUCCESS,Screening registration opened at Camp-C (Hillside Community Outpost).
652,2026-08-26T06:13:00,Imaging Reviewer,CASE-0201,EVIDENCE_VIEWED,IMAGING,SUCCESS,Reviewed Retinal Image capture (GOOD).
653,2026-08-30T13:48:00,Case Reviewer,CASE-0201,REVIEW_SUBMITTED,REVIEW,SUCCESS,Clinical decision recorded: INSUFFICIENT_EVIDENCE.
654,2026-08-19T03:40:00,Camp Coordinator,CASE-0202,CASE_CREATED,CASE,SUCCESS,Screening registration opened at Camp-E (Highland Primary Screening).
655,2026-08-19T07:53:00,Imaging Reviewer,CASE-0202,EVIDENCE_VIEWED,IMAGING,SUCCESS,Reviewed Slit Lamp capture (ACCEPTABLE).
656,2026-08-23T18:40:00,Case Reviewer,CASE-0202,REVIEW_SUBMITTED,REVIEW,SUCCESS,Clinical decision recorded: REFER.
657,2026-08-20T00:35:00,Camp Coordinator,CASE-0203,CASE_CREATED,CASE,SUCCESS,Screening registration opened at Camp-C (Hillside Community Outpost).
658,2026-08-20T02:40:00,Imaging Reviewer,CASE-0203,EVIDENCE_VIEWED,IMAGING,SUCCESS,Reviewed Fundus capture (GOOD).
659,2026-08-23T15:35:00,Case Reviewer,CASE-0203,REVIEW_SUBMITTED,REVIEW,SUCCESS,Clinical decision recorded: INSUFFICIENT_EVIDENCE.
660,2026-08-21T02:21:00,Camp Coordinator,CASE-0204,CASE_CREATED,CASE,SUCCESS,Screening registration opened at Camp-A (North Valley Health Center).
661,2026-08-21T05:28:00,Imaging Reviewer,CASE-0204,EVIDENCE_VIEWED,IMAGING,SUCCESS,Reviewed Fundus capture (GOOD).
662,2026-08-24T23:21:00,Case Reviewer,CASE-0204,REVIEW_SUBMITTED,REVIEW,SUCCESS,Clinical decision recorded: REVIEW_REQUIRED.
663,2026-08-11T00:10:00,Camp Coordinator,CASE-0205,CASE_CREATED,CASE,SUCCESS,Screening registration opened at Camp-A (North Valley Health Center).
664,2026-08-11T03:41:00,Imaging Reviewer,CASE-0205,EVIDENCE_VIEWED,IMAGING,SUCCESS,Reviewed Slit Lamp capture (GOOD).
665,2026-08-14T23:10:00,Case Reviewer,CASE-0205,REVIEW_SUBMITTED,REVIEW,SUCCESS,Clinical decision recorded: CLEAR.
666,2026-08-27T06:27:00,Camp Coordinator,CASE-0206,CASE_CREATED,CASE,SUCCESS,Screening registration opened at Camp-A (North Valley Health Center).
667,2026-08-27T09:32:00,Imaging Reviewer,CASE-0206,EVIDENCE_VIEWED,IMAGING,SUCCESS,Reviewed Fundus capture (GOOD).
668,2026-08-29T23:27:00,Case Reviewer,CASE-0206,REVIEW_SUBMITTED,REVIEW,SUCCESS,Clinical decision recorded: INSUFFICIENT_EVIDENCE.
669,2026-08-04T06:46:00,Camp Coordinator,CASE-0207,CASE_CREATED,CASE,SUCCESS,Screening registration opened at Camp-E (Highland Primary Screening).
670,2026-08-04T08:01:00,Imaging Reviewer,CASE-0207,EVIDENCE_VIEWED,IMAGING,SUCCESS,Reviewed Retinal Image capture (ACCEPTABLE).
671,2026-08-08T04:46:00,Case Reviewer,CASE-0207,REVIEW_SUBMITTED,REVIEW,SUCCESS,Clinical decision recorded: REVIEW_REQUIRED.
672,2026-07-23T03:05:00,Camp Coordinator,CASE-0208,CASE_CREATED,CASE,SUCCESS,Screening registration opened at Camp-D (Riverdale Outreach Hub).
673,2026-07-23T06:47:00,Imaging Reviewer,CASE-0208,EVIDENCE_VIEWED,IMAGING,SUCCESS,Reviewed Retinal Image capture (GOOD).
674,2026-07-28T01:05:00,Case Reviewer,CASE-0208,REVIEW_SUBMITTED,REVIEW,SUCCESS,Clinical decision recorded: REVIEW_REQUIRED.
675,2026-08-10T05:13:00,Camp Coordinator,CASE-0209,CASE_CREATED,CASE,SUCCESS,Screening registration opened at Camp-C (Hillside Community Outpost).
676,2026-08-10T07:56:00,Imaging Reviewer,CASE-0209,EVIDENCE_VIEWED,IMAGING,SUCCESS,Reviewed Fundus capture (GOOD).
677,2026-08-14T22:13:00,Case Reviewer,CASE-0209,REVIEW_SUBMITTED,REVIEW,SUCCESS,Clinical decision recorded: INSUFFICIENT_EVIDENCE.
678,2026-08-05T03:43:00,Camp Coordinator,CASE-0210,CASE_CREATED,CASE,SUCCESS,Screening registration opened at Camp-B (Eastern Rural Mobile Clinic).
679,2026-08-05T05:04:00,Imaging Reviewer,CASE-0210,EVIDENCE_VIEWED,IMAGING,SUCCESS,Reviewed Slit Lamp capture (GOOD).
680,2026-08-10T01:43:00,Case Reviewer,CASE-0210,CONFLICT_DETECTED,CASE,WARNING,Pathology Severe Abnormality vs Imaging Normal detected by clinical rule engine.
681,2026-08-10T01:43:00,Case Reviewer,CASE-0210,REVIEW_SUBMITTED,REVIEW,SUCCESS,Clinical decision recorded: REVIEW_REQUIRED.
682,2026-07-22T07:01:00,Camp Coordinator,CASE-0211,CASE_CREATED,CASE,SUCCESS,Screening registration opened at Camp-D (Riverdale Outreach Hub).
683,2026-07-22T10:34:00,Imaging Reviewer,CASE-0211,EVIDENCE_VIEWED,IMAGING,SUCCESS,Reviewed Fundus capture (GOOD).
684,2026-07-26T22:01:00,Case Reviewer,CASE-0211,REVIEW_SUBMITTED,REVIEW,SUCCESS,Clinical decision recorded: INSUFFICIENT_EVIDENCE.
685,2026-08-05T02:05:00,Camp Coordinator,CASE-0212,CASE_CREATED,CASE,SUCCESS,Screening registration opened at Camp-A (North Valley Health Center).
686,2026-08-05T06:17:00,Imaging Reviewer,CASE-0212,EVIDENCE_VIEWED,IMAGING,SUCCESS,Reviewed Slit Lamp capture (GOOD).
687,2026-08-07T21:05:00,Case Reviewer,CASE-0212,CONFLICT_DETECTED,CASE,WARNING,Pathology Severe Abnormality vs Imaging Normal detected by clinical rule engine.
688,2026-08-07T21:05:00,Case Reviewer,CASE-0212,REVIEW_SUBMITTED,REVIEW,SUCCESS,Clinical decision recorded: REVIEW_REQUIRED.
689,2026-08-21T00:57:00,Camp Coordinator,CASE-0213,CASE_CREATED,CASE,SUCCESS,Screening registration opened at Camp-D (Riverdale Outreach Hub).
690,2026-08-21T04:33:00,Imaging Reviewer,CASE-0213,EVIDENCE_VIEWED,IMAGING,SUCCESS,Reviewed Fundus capture (GOOD).
691,2026-08-23T20:57:00,Case Reviewer,CASE-0213,REVIEW_SUBMITTED,REVIEW,SUCCESS,Clinical decision recorded: REVIEW_REQUIRED.
692,2026-07-17T08:34:00,Camp Coordinator,CASE-0214,CASE_CREATED,CASE,SUCCESS,Screening registration opened at Camp-A (North Valley Health Center).
693,2026-07-17T10:43:00,Imaging Reviewer,CASE-0214,EVIDENCE_VIEWED,IMAGING,SUCCESS,Reviewed Fundus capture (GOOD).
694,2026-07-20T20:34:00,Case Reviewer,CASE-0214,REVIEW_SUBMITTED,REVIEW,SUCCESS,Clinical decision recorded: INSUFFICIENT_EVIDENCE.
695,2026-07-24T05:55:00,Camp Coordinator,CASE-0215,CASE_CREATED,CASE,SUCCESS,Screening registration opened at Camp-B (Eastern Rural Mobile Clinic).
696,2026-07-24T08:20:00,Imaging Reviewer,CASE-0215,EVIDENCE_VIEWED,IMAGING,SUCCESS,Reviewed OCT capture (GOOD).
697,2026-07-26T21:55:00,Case Reviewer,CASE-0215,CONFLICT_DETECTED,CASE,WARNING,Pathology Severe Abnormality vs Imaging Normal detected by clinical rule engine.
698,2026-07-26T21:55:00,Case Reviewer,CASE-0215,REVIEW_SUBMITTED,REVIEW,SUCCESS,Clinical decision recorded: REVIEW_REQUIRED.
699,2026-08-30T06:53:00,Camp Coordinator,CASE-0216,CASE_CREATED,CASE,SUCCESS,Screening registration opened at Camp-E (Highland Primary Screening).
700,2026-08-30T08:09:00,Imaging Reviewer,CASE-0216,EVIDENCE_VIEWED,IMAGING,SUCCESS,Reviewed Fundus capture (GOOD).
701,2026-09-02T20:53:00,Case Reviewer,CASE-0216,REVIEW_SUBMITTED,REVIEW,SUCCESS,Clinical decision recorded: REVIEW_REQUIRED.
702,2026-09-01T00:44:00,Camp Coordinator,CASE-0217,CASE_CREATED,CASE,SUCCESS,Screening registration opened at Camp-B (Eastern Rural Mobile Clinic).
703,2026-09-01T03:18:00,Imaging Reviewer,CASE-0217,EVIDENCE_VIEWED,IMAGING,SUCCESS,Reviewed OCT capture (GOOD).
704,2026-09-03T21:44:00,Case Reviewer,CASE-0217,CONFLICT_DETECTED,CASE,WARNING,Pathology Severe Abnormality vs Imaging Normal detected by clinical rule engine.
705,2026-09-03T21:44:00,Case Reviewer,CASE-0217,REVIEW_SUBMITTED,REVIEW,SUCCESS,Clinical decision recorded: REVIEW_REQUIRED.
706,2026-08-14T05:32:00,Camp Coordinator,CASE-0218,CASE_CREATED,CASE,SUCCESS,Screening registration opened at Camp-C (Hillside Community Outpost).
707,2026-08-14T07:47:00,Imaging Reviewer,CASE-0218,EVIDENCE_VIEWED,IMAGING,SUCCESS,Reviewed Fundus capture (GOOD).
708,2026-08-16T21:32:00,Case Reviewer,CASE-0218,REVIEW_SUBMITTED,REVIEW,SUCCESS,Clinical decision recorded: INSUFFICIENT_EVIDENCE.
709,2026-08-26T05:12:00,Camp Coordinator,CASE-0219,CASE_CREATED,CASE,SUCCESS,Screening registration opened at Camp-D (Riverdale Outreach Hub).
710,2026-08-26T06:44:00,Imaging Reviewer,CASE-0219,EVIDENCE_VIEWED,IMAGING,SUCCESS,Reviewed OCT capture (ACCEPTABLE).
711,2026-08-29T02:12:00,Case Reviewer,CASE-0219,REVIEW_SUBMITTED,REVIEW,SUCCESS,Clinical decision recorded: INSUFFICIENT_EVIDENCE.
712,2026-08-29T04:51:00,Camp Coordinator,CASE-0220,CASE_CREATED,CASE,SUCCESS,Screening registration opened at Camp-A (North Valley Health Center).
713,2026-08-29T08:34:00,Imaging Reviewer,CASE-0220,EVIDENCE_VIEWED,IMAGING,SUCCESS,Reviewed OCT capture (LOW_QUALITY).
714,2026-08-29T08:34:00,Imaging Reviewer,CASE-0220,LOW_QUALITY_DETECTED,IMAGING,WARNING,Sub-threshold quality score (43.2/100) triggered automated flag.
715,2026-09-01T23:51:00,Case Reviewer,CASE-0220,REVIEW_SUBMITTED,REVIEW,SUCCESS,Clinical decision recorded: REVIEW_REQUIRED.
716,2026-08-04T23:45:00,Camp Coordinator,CASE-0221,CASE_CREATED,CASE,SUCCESS,Screening registration opened at Camp-E (Highland Primary Screening).
717,2026-08-05T04:22:00,Imaging Reviewer,CASE-0221,EVIDENCE_VIEWED,IMAGING,SUCCESS,Reviewed Fundus capture (ACCEPTABLE).
718,2026-08-07T21:45:00,Case Reviewer,CASE-0221,REVIEW_SUBMITTED,REVIEW,SUCCESS,Clinical decision recorded: CLEAR.
719,2026-08-03T06:04:00,Camp Coordinator,CASE-0222,CASE_CREATED,CASE,SUCCESS,Screening registration opened at Camp-D (Riverdale Outreach Hub).
720,2026-08-03T07:33:00,Imaging Reviewer,CASE-0222,EVIDENCE_VIEWED,IMAGING,SUCCESS,Reviewed Slit Lamp capture (GOOD).
721,2026-08-03T19:04:00,Administrator,CASE-0222,LINEAGE_ERROR_DETECTED,SPECIMEN,FAILED,Lost specimen accession tag for SPEC-0222 during central lab transport.
722,2026-08-07T23:04:00,Case Reviewer,CASE-0222,REVIEW_SUBMITTED,REVIEW,SUCCESS,Clinical decision recorded: INSUFFICIENT_EVIDENCE.
723,2026-08-02T23:57:00,Camp Coordinator,CASE-0223,CASE_CREATED,CASE,SUCCESS,Screening registration opened at Camp-C (Hillside Community Outpost).
724,2026-08-03T02:10:00,Imaging Reviewer,CASE-0223,EVIDENCE_VIEWED,IMAGING,SUCCESS,Reviewed Slit Lamp capture (ACCEPTABLE).
725,2026-08-07T18:57:00,Case Reviewer,CASE-0223,REVIEW_SUBMITTED,REVIEW,SUCCESS,Clinical decision recorded: CLEAR.
726,2026-07-29T00:02:00,Camp Coordinator,CASE-0224,CASE_CREATED,CASE,SUCCESS,Screening registration opened at Camp-C (Hillside Community Outpost).
727,2026-07-29T01:19:00,Imaging Reviewer,CASE-0224,EVIDENCE_VIEWED,IMAGING,SUCCESS,Reviewed Retinal Image capture (ACCEPTABLE).
728,2026-07-31T15:02:00,Case Reviewer,CASE-0224,REVIEW_SUBMITTED,REVIEW,SUCCESS,Clinical decision recorded: INSUFFICIENT_EVIDENCE.
729,2026-07-22T08:41:00,Camp Coordinator,CASE-0225,CASE_CREATED,CASE,SUCCESS,Screening registration opened at Camp-B (Eastern Rural Mobile Clinic).
730,2026-07-22T12:12:00,Imaging Reviewer,CASE-0225,EVIDENCE_VIEWED,IMAGING,SUCCESS,Reviewed Slit Lamp capture (GOOD).
731,2026-07-26T03:41:00,Case Reviewer,CASE-0225,REVIEW_SUBMITTED,REVIEW,SUCCESS,Clinical decision recorded: REVIEW_REQUIRED.
732,2026-08-21T23:49:00,Camp Coordinator,CASE-0226,CASE_CREATED,CASE,SUCCESS,Screening registration opened at Camp-E (Highland Primary Screening).
733,2026-08-22T02:04:00,Imaging Reviewer,CASE-0226,EVIDENCE_VIEWED,IMAGING,SUCCESS,Reviewed OCT capture (ACCEPTABLE).
734,2026-08-25T13:49:00,Case Reviewer,CASE-0226,REVIEW_SUBMITTED,REVIEW,SUCCESS,Clinical decision recorded: CLEAR.
735,2026-08-07T01:10:00,Camp Coordinator,CASE-0227,CASE_CREATED,CASE,SUCCESS,Screening registration opened at Camp-B (Eastern Rural Mobile Clinic).
736,2026-08-07T04:33:00,Imaging Reviewer,CASE-0227,EVIDENCE_VIEWED,IMAGING,SUCCESS,Reviewed Retinal Image capture (GOOD).
737,2026-08-09T19:10:00,Case Reviewer,CASE-0227,REVIEW_SUBMITTED,REVIEW,SUCCESS,Clinical decision recorded: INSUFFICIENT_EVIDENCE.
738,2026-08-06T23:06:00,Camp Coordinator,CASE-0228,CASE_CREATED,CASE,SUCCESS,Screening registration opened at Camp-B (Eastern Rural Mobile Clinic).
739,2026-08-07T01:48:00,Imaging Reviewer,CASE-0228,EVIDENCE_VIEWED,IMAGING,SUCCESS,Reviewed OCT capture (GOOD).
740,2026-08-10T16:06:00,Case Reviewer,CASE-0228,REVIEW_SUBMITTED,REVIEW,SUCCESS,Clinical decision recorded: REVIEW_REQUIRED.
741,2026-08-07T06:14:00,Camp Coordinator,CASE-0229,CASE_CREATED,CASE,SUCCESS,Screening registration opened at Camp-D (Riverdale Outreach Hub).
742,2026-08-07T09:47:00,Imaging Reviewer,CASE-0229,EVIDENCE_VIEWED,IMAGING,SUCCESS,Reviewed Fundus capture (ACCEPTABLE).
743,2026-08-12T03:14:00,Case Reviewer,CASE-0229,REVIEW_SUBMITTED,REVIEW,SUCCESS,Clinical decision recorded: INSUFFICIENT_EVIDENCE.
744,2026-08-13T01:04:00,Camp Coordinator,CASE-0230,CASE_CREATED,CASE,SUCCESS,Screening registration opened at Camp-E (Highland Primary Screening).
745,2026-08-13T05:49:00,Imaging Reviewer,CASE-0230,EVIDENCE_VIEWED,IMAGING,SUCCESS,Reviewed Slit Lamp capture (ACCEPTABLE).
746,2026-08-16T21:04:00,Case Reviewer,CASE-0230,REVIEW_SUBMITTED,REVIEW,SUCCESS,Clinical decision recorded: CLEAR.
747,2026-08-13T01:52:00,Camp Coordinator,CASE-0231,CASE_CREATED,CASE,SUCCESS,Screening registration opened at Camp-C (Hillside Community Outpost).
748,2026-08-13T03:04:00,Imaging Reviewer,CASE-0231,EVIDENCE_VIEWED,IMAGING,SUCCESS,Reviewed Slit Lamp capture (GOOD).
749,2026-08-17T00:52:00,Case Reviewer,CASE-0231,REVIEW_SUBMITTED,REVIEW,SUCCESS,Clinical decision recorded: REFER.
750,2026-08-29T04:36:00,Camp Coordinator,CASE-0232,CASE_CREATED,CASE,SUCCESS,Screening registration opened at Camp-D (Riverdale Outreach Hub).
751,2026-08-29T06:13:00,Imaging Reviewer,CASE-0232,EVIDENCE_VIEWED,IMAGING,SUCCESS,Reviewed OCT capture (GOOD).
752,2026-09-02T21:36:00,Case Reviewer,CASE-0232,REVIEW_SUBMITTED,REVIEW,SUCCESS,Clinical decision recorded: REVIEW_REQUIRED.
753,2026-08-24T00:41:00,Camp Coordinator,CASE-0233,CASE_CREATED,CASE,SUCCESS,Screening registration opened at Camp-C (Hillside Community Outpost).
754,2026-08-24T02:55:00,Imaging Reviewer,CASE-0233,EVIDENCE_VIEWED,IMAGING,SUCCESS,Reviewed OCT capture (GOOD).
755,2026-08-27T11:41:00,Case Reviewer,CASE-0233,REVIEW_SUBMITTED,REVIEW,SUCCESS,Clinical decision recorded: CLEAR.
756,2026-08-25T05:51:00,Camp Coordinator,CASE-0234,CASE_CREATED,CASE,SUCCESS,Screening registration opened at Camp-B (Eastern Rural Mobile Clinic).
757,2026-08-25T10:03:00,Imaging Reviewer,CASE-0234,EVIDENCE_VIEWED,IMAGING,SUCCESS,Reviewed Fundus capture (LOW_QUALITY).
758,2026-08-25T10:03:00,Imaging Reviewer,CASE-0234,LOW_QUALITY_DETECTED,IMAGING,WARNING,Sub-threshold quality score (25.4/100) triggered automated flag.
759,2026-08-29T19:51:00,Case Reviewer,CASE-0234,REVIEW_SUBMITTED,REVIEW,SUCCESS,Clinical decision recorded: REVIEW_REQUIRED.
760,2026-08-31T07:50:00,Camp Coordinator,CASE-0235,CASE_CREATED,CASE,SUCCESS,Screening registration opened at Camp-C (Hillside Community Outpost).
761,2026-08-31T10:27:00,Imaging Reviewer,CASE-0235,EVIDENCE_VIEWED,IMAGING,SUCCESS,Reviewed Fundus capture (LOW_QUALITY).
762,2026-08-31T10:27:00,Imaging Reviewer,CASE-0235,LOW_QUALITY_DETECTED,IMAGING,WARNING,Sub-threshold quality score (27.3/100) triggered automated flag.
763,2026-09-05T02:50:00,Case Reviewer,CASE-0235,REVIEW_SUBMITTED,REVIEW,SUCCESS,Clinical decision recorded: REVIEW_REQUIRED.
764,2026-08-21T03:35:00,Camp Coordinator,CASE-0236,CASE_CREATED,CASE,SUCCESS,Screening registration opened at Camp-D (Riverdale Outreach Hub).
765,2026-08-21T05:09:00,Imaging Reviewer,CASE-0236,EVIDENCE_VIEWED,IMAGING,SUCCESS,Reviewed Fundus capture (GOOD).
766,2026-08-23T21:35:00,Case Reviewer,CASE-0236,REVIEW_SUBMITTED,REVIEW,SUCCESS,Clinical decision recorded: INSUFFICIENT_EVIDENCE.
767,2026-07-16T04:16:00,Camp Coordinator,CASE-0237,CASE_CREATED,CASE,SUCCESS,Screening registration opened at Camp-D (Riverdale Outreach Hub).
768,2026-07-16T05:51:00,Imaging Reviewer,CASE-0237,EVIDENCE_VIEWED,IMAGING,SUCCESS,Reviewed Slit Lamp capture (ACCEPTABLE).
769,2026-07-18T22:16:00,Case Reviewer,CASE-0237,REVIEW_SUBMITTED,REVIEW,SUCCESS,Clinical decision recorded: REFER.
770,2026-07-25T02:52:00,Camp Coordinator,CASE-0238,CASE_CREATED,CASE,SUCCESS,Screening registration opened at Camp-B (Eastern Rural Mobile Clinic).
771,2026-07-25T06:22:00,Imaging Reviewer,CASE-0238,EVIDENCE_VIEWED,IMAGING,SUCCESS,Reviewed Slit Lamp capture (GOOD).
772,2026-07-28T18:52:00,Case Reviewer,CASE-0238,REVIEW_SUBMITTED,REVIEW,SUCCESS,Clinical decision recorded: CLEAR.
773,2026-08-07T23:16:00,Camp Coordinator,CASE-0239,CASE_CREATED,CASE,SUCCESS,Screening registration opened at Camp-C (Hillside Community Outpost).
774,2026-08-08T03:50:00,Imaging Reviewer,CASE-0239,EVIDENCE_VIEWED,IMAGING,SUCCESS,Reviewed OCT capture (ACCEPTABLE).
775,2026-08-11T17:16:00,Case Reviewer,CASE-0239,REVIEW_SUBMITTED,REVIEW,SUCCESS,Clinical decision recorded: CLEAR.
776,2026-07-28T04:03:00,Camp Coordinator,CASE-0240,CASE_CREATED,CASE,SUCCESS,Screening registration opened at Camp-B (Eastern Rural Mobile Clinic).
777,2026-07-28T05:44:00,Imaging Reviewer,CASE-0240,EVIDENCE_VIEWED,IMAGING,SUCCESS,Reviewed Retinal Image capture (GOOD).
778,2026-08-01T02:03:00,Case Reviewer,CASE-0240,REVIEW_SUBMITTED,REVIEW,SUCCESS,Clinical decision recorded: REVIEW_REQUIRED.
779,2026-08-09T23:58:00,Camp Coordinator,CASE-0241,CASE_CREATED,CASE,SUCCESS,Screening registration opened at Camp-C (Hillside Community Outpost).
780,2026-08-10T03:06:00,Imaging Reviewer,CASE-0241,EVIDENCE_VIEWED,IMAGING,SUCCESS,Reviewed OCT capture (ACCEPTABLE).
781,2026-08-14T11:58:00,Case Reviewer,CASE-0241,REVIEW_SUBMITTED,REVIEW,SUCCESS,Clinical decision recorded: REVIEW_REQUIRED.
782,2026-07-19T01:22:00,Camp Coordinator,CASE-0242,CASE_CREATED,CASE,SUCCESS,Screening registration opened at Camp-A (North Valley Health Center).
783,2026-07-19T05:33:00,Imaging Reviewer,CASE-0242,EVIDENCE_VIEWED,IMAGING,SUCCESS,Reviewed OCT capture (GOOD).
784,2026-07-22T21:22:00,Case Reviewer,CASE-0242,CONFLICT_DETECTED,CASE,WARNING,Pathology Severe Abnormality vs Imaging Normal detected by clinical rule engine.
785,2026-07-22T21:22:00,Case Reviewer,CASE-0242,REVIEW_SUBMITTED,REVIEW,SUCCESS,Clinical decision recorded: REVIEW_REQUIRED.
786,2026-08-29T04:23:00,Camp Coordinator,CASE-0243,CASE_CREATED,CASE,SUCCESS,Screening registration opened at Camp-D (Riverdale Outreach Hub).
787,2026-08-29T06:04:00,Imaging Reviewer,CASE-0243,EVIDENCE_VIEWED,IMAGING,SUCCESS,Reviewed Retinal Image capture (ACCEPTABLE).
788,2026-09-01T04:23:00,Case Reviewer,CASE-0243,REVIEW_SUBMITTED,REVIEW,SUCCESS,Clinical decision recorded: INSUFFICIENT_EVIDENCE.
789,2026-07-31T01:17:00,Camp Coordinator,CASE-0244,CASE_CREATED,CASE,SUCCESS,Screening registration opened at Camp-E (Highland Primary Screening).
790,2026-07-31T05:35:00,Imaging Reviewer,CASE-0244,EVIDENCE_VIEWED,IMAGING,SUCCESS,Reviewed Retinal Image capture (ACCEPTABLE).
791,2026-08-02T16:17:00,Case Reviewer,CASE-0244,REVIEW_SUBMITTED,REVIEW,SUCCESS,Clinical decision recorded: INSUFFICIENT_EVIDENCE.
792,2026-08-14T06:43:00,Camp Coordinator,CASE-0245,CASE_CREATED,CASE,SUCCESS,Screening registration opened at Camp-E (Highland Primary Screening).
793,2026-08-14T09:07:00,Imaging Reviewer,CASE-0245,EVIDENCE_VIEWED,IMAGING,SUCCESS,Reviewed Retinal Image capture (GOOD).
794,2026-08-17T20:43:00,Case Reviewer,CASE-0245,REVIEW_SUBMITTED,REVIEW,SUCCESS,Clinical decision recorded: INSUFFICIENT_EVIDENCE.
795,2026-08-31T08:04:00,Camp Coordinator,CASE-0246,CASE_CREATED,CASE,SUCCESS,Screening registration opened at Camp-A (North Valley Health Center).
796,2026-08-31T11:14:00,Imaging Reviewer,CASE-0246,EVIDENCE_VIEWED,IMAGING,SUCCESS,Reviewed Retinal Image capture (GOOD).
797,2026-09-05T07:04:00,Case Reviewer,CASE-0246,REVIEW_SUBMITTED,REVIEW,SUCCESS,Clinical decision recorded: INSUFFICIENT_EVIDENCE.
798,2026-07-16T05:32:00,Camp Coordinator,CASE-0247,CASE_CREATED,CASE,SUCCESS,Screening registration opened at Camp-B (Eastern Rural Mobile Clinic).
799,2026-07-16T09:53:00,Imaging Reviewer,CASE-0247,EVIDENCE_VIEWED,IMAGING,SUCCESS,Reviewed Fundus capture (LOW_QUALITY).
800,2026-07-16T09:53:00,Imaging Reviewer,CASE-0247,LOW_QUALITY_DETECTED,IMAGING,WARNING,Sub-threshold quality score (36.3/100) triggered automated flag.
801,2026-07-18T21:32:00,Case Reviewer,CASE-0247,REVIEW_SUBMITTED,REVIEW,SUCCESS,Clinical decision recorded: REVIEW_REQUIRED.
802,2026-07-19T05:43:00,Camp Coordinator,CASE-0248,CASE_CREATED,CASE,SUCCESS,Screening registration opened at Camp-E (Highland Primary Screening).
803,2026-07-19T07:22:00,Imaging Reviewer,CASE-0248,EVIDENCE_VIEWED,IMAGING,SUCCESS,Reviewed OCT capture (GOOD).
804,2026-07-22T22:43:00,Case Reviewer,CASE-0248,REVIEW_SUBMITTED,REVIEW,SUCCESS,Clinical decision recorded: INSUFFICIENT_EVIDENCE.
805,2026-08-11T02:03:00,Camp Coordinator,CASE-0249,CASE_CREATED,CASE,SUCCESS,Screening registration opened at Camp-A (North Valley Health Center).
806,2026-08-11T05:37:00,Imaging Reviewer,CASE-0249,EVIDENCE_VIEWED,IMAGING,SUCCESS,Reviewed Fundus capture (GOOD).
807,2026-08-15T18:03:00,Case Reviewer,CASE-0249,REVIEW_SUBMITTED,REVIEW,SUCCESS,Clinical decision recorded: INSUFFICIENT_EVIDENCE.
808,2026-08-22T05:26:00,Camp Coordinator,CASE-0250,CASE_CREATED,CASE,SUCCESS,Screening registration opened at Camp-B (Eastern Rural Mobile Clinic).
809,2026-08-22T07:47:00,Imaging Reviewer,CASE-0250,EVIDENCE_VIEWED,IMAGING,SUCCESS,Reviewed OCT capture (GOOD).
810,2026-08-22T18:26:00,Administrator,CASE-0250,LINEAGE_ERROR_DETECTED,SPECIMEN,FAILED,Lost specimen accession tag for SPEC-0250 during central lab transport.
811,2026-08-24T23:26:00,Case Reviewer,CASE-0250,REVIEW_SUBMITTED,REVIEW,SUCCESS,Clinical decision recorded: INSUFFICIENT_EVIDENCE.
812,2026-08-20T04:15:00,Camp Coordinator,CASE-0251,CASE_CREATED,CASE,SUCCESS,Screening registration opened at Camp-B (Eastern Rural Mobile Clinic).
813,2026-08-20T05:43:00,Imaging Reviewer,CASE-0251,EVIDENCE_VIEWED,IMAGING,SUCCESS,Reviewed OCT capture (GOOD).
814,2026-08-20T18:15:00,Administrator,CASE-0251,LINEAGE_ERROR_DETECTED,SPECIMEN,FAILED,Lost specimen accession tag for SPEC-0251 during central lab transport.
815,2026-08-22T21:15:00,Case Reviewer,CASE-0251,REVIEW_SUBMITTED,REVIEW,SUCCESS,Clinical decision recorded: INSUFFICIENT_EVIDENCE.
816,2026-08-05T05:21:00,Camp Coordinator,CASE-0252,CASE_CREATED,CASE,SUCCESS,Screening registration opened at Camp-B (Eastern Rural Mobile Clinic).
817,2026-08-05T06:44:00,Imaging Reviewer,CASE-0252,EVIDENCE_VIEWED,IMAGING,SUCCESS,Reviewed Slit Lamp capture (LOW_QUALITY).
818,2026-08-05T06:44:00,Imaging Reviewer,CASE-0252,LOW_QUALITY_DETECTED,IMAGING,WARNING,Sub-threshold quality score (30.4/100) triggered automated flag.
819,2026-08-07T21:21:00,Case Reviewer,CASE-0252,REVIEW_SUBMITTED,REVIEW,SUCCESS,Clinical decision recorded: REVIEW_REQUIRED.
820,2026-08-16T07:53:00,Camp Coordinator,CASE-0253,CASE_CREATED,CASE,SUCCESS,Screening registration opened at Camp-E (Highland Primary Screening).
821,2026-08-16T11:36:00,Imaging Reviewer,CASE-0253,EVIDENCE_VIEWED,IMAGING,SUCCESS,Reviewed Fundus capture (ACCEPTABLE).
822,2026-08-18T21:53:00,Case Reviewer,CASE-0253,REVIEW_SUBMITTED,REVIEW,SUCCESS,Clinical decision recorded: INSUFFICIENT_EVIDENCE.
823,2026-08-25T03:57:00,Camp Coordinator,CASE-0254,CASE_CREATED,CASE,SUCCESS,Screening registration opened at Camp-B (Eastern Rural Mobile Clinic).
824,2026-08-25T07:41:00,Imaging Reviewer,CASE-0254,EVIDENCE_VIEWED,IMAGING,SUCCESS,Reviewed Slit Lamp capture (GOOD).
825,2026-08-28T01:57:00,Case Reviewer,CASE-0254,REVIEW_SUBMITTED,REVIEW,SUCCESS,Clinical decision recorded: INSUFFICIENT_EVIDENCE.
826,2026-08-01T08:31:00,Camp Coordinator,CASE-0255,CASE_CREATED,CASE,SUCCESS,Screening registration opened at Camp-C (Hillside Community Outpost).
827,2026-08-01T10:43:00,Imaging Reviewer,CASE-0255,EVIDENCE_VIEWED,IMAGING,SUCCESS,Reviewed Slit Lamp capture (ACCEPTABLE).
828,2026-08-04T00:31:00,Case Reviewer,CASE-0255,REVIEW_SUBMITTED,REVIEW,SUCCESS,Clinical decision recorded: REVIEW_REQUIRED.
829,2026-07-20T07:34:00,Camp Coordinator,CASE-0256,CASE_CREATED,CASE,SUCCESS,Screening registration opened at Camp-C (Hillside Community Outpost).
830,2026-07-20T12:08:00,Imaging Reviewer,CASE-0256,EVIDENCE_VIEWED,IMAGING,SUCCESS,Reviewed Slit Lamp capture (LOW_QUALITY).
831,2026-07-20T12:08:00,Imaging Reviewer,CASE-0256,LOW_QUALITY_DETECTED,IMAGING,WARNING,Sub-threshold quality score (38.7/100) triggered automated flag.
832,2026-07-23T02:34:00,Case Reviewer,CASE-0256,REVIEW_SUBMITTED,REVIEW,SUCCESS,Clinical decision recorded: REVIEW_REQUIRED.
833,2026-08-08T07:34:00,Camp Coordinator,CASE-0257,CASE_CREATED,CASE,SUCCESS,Screening registration opened at Camp-C (Hillside Community Outpost).
834,2026-08-08T10:03:00,Imaging Reviewer,CASE-0257,EVIDENCE_VIEWED,IMAGING,SUCCESS,Reviewed Retinal Image capture (ACCEPTABLE).
835,2026-08-11T03:34:00,Case Reviewer,CASE-0257,REVIEW_SUBMITTED,REVIEW,SUCCESS,Clinical decision recorded: INSUFFICIENT_EVIDENCE.
836,2026-07-31T05:28:00,Camp Coordinator,CASE-0258,CASE_CREATED,CASE,SUCCESS,Screening registration opened at Camp-D (Riverdale Outreach Hub).
837,2026-07-31T09:56:00,Imaging Reviewer,CASE-0258,EVIDENCE_VIEWED,IMAGING,SUCCESS,Reviewed OCT capture (ACCEPTABLE).
838,2026-08-04T21:28:00,Case Reviewer,CASE-0258,REVIEW_SUBMITTED,REVIEW,SUCCESS,Clinical decision recorded: REFER.
839,2026-07-20T04:06:00,Camp Coordinator,CASE-0259,CASE_CREATED,CASE,SUCCESS,Screening registration opened at Camp-B (Eastern Rural Mobile Clinic).
840,2026-07-20T05:43:00,Imaging Reviewer,CASE-0259,EVIDENCE_VIEWED,IMAGING,SUCCESS,Reviewed Fundus capture (GOOD).
841,2026-07-23T01:06:00,Case Reviewer,CASE-0259,REVIEW_SUBMITTED,REVIEW,SUCCESS,Clinical decision recorded: INSUFFICIENT_EVIDENCE.
842,2026-08-13T03:22:00,Camp Coordinator,CASE-0260,CASE_CREATED,CASE,SUCCESS,Screening registration opened at Camp-D (Riverdale Outreach Hub).
843,2026-08-13T05:40:00,Imaging Reviewer,CASE-0260,EVIDENCE_VIEWED,IMAGING,SUCCESS,Reviewed OCT capture (ACCEPTABLE).
844,2026-08-15T22:22:00,Case Reviewer,CASE-0260,REVIEW_SUBMITTED,REVIEW,SUCCESS,Clinical decision recorded: REVIEW_REQUIRED.
845,2026-07-19T02:08:00,Camp Coordinator,CASE-0261,CASE_CREATED,CASE,SUCCESS,Screening registration opened at Camp-C (Hillside Community Outpost).
846,2026-07-19T03:25:00,Imaging Reviewer,CASE-0261,EVIDENCE_VIEWED,IMAGING,SUCCESS,Reviewed Fundus capture (ACCEPTABLE).
847,2026-07-22T00:08:00,Case Reviewer,CASE-0261,REVIEW_SUBMITTED,REVIEW,SUCCESS,Clinical decision recorded: INSUFFICIENT_EVIDENCE.
848,2026-08-02T08:04:00,Camp Coordinator,CASE-0262,CASE_CREATED,CASE,SUCCESS,Screening registration opened at Camp-D (Riverdale Outreach Hub).
849,2026-08-02T12:12:00,Imaging Reviewer,CASE-0262,EVIDENCE_VIEWED,IMAGING,SUCCESS,Reviewed Slit Lamp capture (ACCEPTABLE).
850,2026-08-05T07:04:00,Case Reviewer,CASE-0262,REVIEW_SUBMITTED,REVIEW,SUCCESS,Clinical decision recorded: REVIEW_REQUIRED.
851,2026-07-30T08:32:00,Camp Coordinator,CASE-0263,CASE_CREATED,CASE,SUCCESS,Screening registration opened at Camp-E (Highland Primary Screening).
852,2026-07-30T12:44:00,Imaging Reviewer,CASE-0263,EVIDENCE_VIEWED,IMAGING,SUCCESS,Reviewed Retinal Image capture (GOOD).
853,2026-08-04T07:32:00,Case Reviewer,CASE-0263,REVIEW_SUBMITTED,REVIEW,SUCCESS,Clinical decision recorded: INSUFFICIENT_EVIDENCE.
854,2026-07-20T03:09:00,Camp Coordinator,CASE-0264,CASE_CREATED,CASE,SUCCESS,Screening registration opened at Camp-D (Riverdale Outreach Hub).
855,2026-07-20T07:22:00,Imaging Reviewer,CASE-0264,EVIDENCE_VIEWED,IMAGING,SUCCESS,Reviewed OCT capture (ACCEPTABLE).
856,2026-07-24T23:09:00,Case Reviewer,CASE-0264,REVIEW_SUBMITTED,REVIEW,SUCCESS,Clinical decision recorded: CLEAR.
857,2026-08-11T02:52:00,Camp Coordinator,CASE-0265,CASE_CREATED,CASE,SUCCESS,Screening registration opened at Camp-E (Highland Primary Screening).
858,2026-08-11T06:19:00,Imaging Reviewer,CASE-0265,EVIDENCE_VIEWED,IMAGING,SUCCESS,Reviewed Fundus capture (LOW_QUALITY).
859,2026-08-11T06:19:00,Imaging Reviewer,CASE-0265,LOW_QUALITY_DETECTED,IMAGING,WARNING,Sub-threshold quality score (42.7/100) triggered automated flag.
860,2026-08-15T16:52:00,Case Reviewer,CASE-0265,REVIEW_SUBMITTED,REVIEW,SUCCESS,Clinical decision recorded: REVIEW_REQUIRED.
861,2026-08-19T03:49:00,Camp Coordinator,CASE-0266,CASE_CREATED,CASE,SUCCESS,Screening registration opened at Camp-C (Hillside Community Outpost).
862,2026-08-19T06:01:00,Imaging Reviewer,CASE-0266,EVIDENCE_VIEWED,IMAGING,SUCCESS,Reviewed OCT capture (LOW_QUALITY).
863,2026-08-19T06:01:00,Imaging Reviewer,CASE-0266,LOW_QUALITY_DETECTED,IMAGING,WARNING,Sub-threshold quality score (35.1/100) triggered automated flag.
864,2026-08-22T00:49:00,Case Reviewer,CASE-0266,REVIEW_SUBMITTED,REVIEW,SUCCESS,Clinical decision recorded: REVIEW_REQUIRED.
865,2026-08-06T05:51:00,Camp Coordinator,CASE-0267,CASE_CREATED,CASE,SUCCESS,Screening registration opened at Camp-D (Riverdale Outreach Hub).
866,2026-08-06T08:57:00,Imaging Reviewer,CASE-0267,EVIDENCE_VIEWED,IMAGING,SUCCESS,Reviewed Retinal Image capture (ACCEPTABLE).
867,2026-08-08T19:51:00,Case Reviewer,CASE-0267,REVIEW_SUBMITTED,REVIEW,SUCCESS,Clinical decision recorded: REVIEW_REQUIRED.
868,2026-08-12T03:59:00,Camp Coordinator,CASE-0268,CASE_CREATED,CASE,SUCCESS,Screening registration opened at Camp-C (Hillside Community Outpost).
869,2026-08-12T08:26:00,Imaging Reviewer,CASE-0268,EVIDENCE_VIEWED,IMAGING,SUCCESS,Reviewed Retinal Image capture (GOOD).
870,2026-08-12T17:59:00,Administrator,CASE-0268,LINEAGE_ERROR_DETECTED,SPECIMEN,FAILED,Lost specimen accession tag for SPEC-0268 during central lab transport.
871,2026-08-14T21:59:00,Case Reviewer,CASE-0268,REVIEW_SUBMITTED,REVIEW,SUCCESS,Clinical decision recorded: INSUFFICIENT_EVIDENCE.
872,2026-07-15T06:58:00,Camp Coordinator,CASE-0269,CASE_CREATED,CASE,SUCCESS,Screening registration opened at Camp-A (North Valley Health Center).
873,2026-07-15T11:35:00,Imaging Reviewer,CASE-0269,EVIDENCE_VIEWED,IMAGING,SUCCESS,Reviewed Fundus capture (GOOD).
874,2026-07-19T22:58:00,Case Reviewer,CASE-0269,REVIEW_SUBMITTED,REVIEW,SUCCESS,Clinical decision recorded: REVIEW_REQUIRED.
875,2026-07-17T23:16:00,Camp Coordinator,CASE-0270,CASE_CREATED,CASE,SUCCESS,Screening registration opened at Camp-B (Eastern Rural Mobile Clinic).
876,2026-07-18T02:50:00,Imaging Reviewer,CASE-0270,EVIDENCE_VIEWED,IMAGING,SUCCESS,Reviewed Fundus capture (ACCEPTABLE).
877,2026-07-22T20:16:00,Case Reviewer,CASE-0270,REVIEW_SUBMITTED,REVIEW,SUCCESS,Clinical decision recorded: REVIEW_REQUIRED.
878,2026-07-17T02:07:00,Camp Coordinator,CASE-0271,CASE_CREATED,CASE,SUCCESS,Screening registration opened at Camp-B (Eastern Rural Mobile Clinic).
879,2026-07-17T03:25:00,Imaging Reviewer,CASE-0271,EVIDENCE_VIEWED,IMAGING,SUCCESS,Reviewed Retinal Image capture (GOOD).
880,2026-07-21T21:07:00,Case Reviewer,CASE-0271,REVIEW_SUBMITTED,REVIEW,SUCCESS,Clinical decision recorded: INSUFFICIENT_EVIDENCE.
881,2026-08-23T06:09:00,Camp Coordinator,CASE-0272,CASE_CREATED,CASE,SUCCESS,Screening registration opened at Camp-E (Highland Primary Screening).
882,2026-08-23T10:14:00,Imaging Reviewer,CASE-0272,EVIDENCE_VIEWED,IMAGING,SUCCESS,Reviewed Fundus capture (GOOD).
883,2026-08-27T04:09:00,Case Reviewer,CASE-0272,REVIEW_SUBMITTED,REVIEW,SUCCESS,Clinical decision recorded: REFER.
884,2026-08-12T07:08:00,Camp Coordinator,CASE-0273,CASE_CREATED,CASE,SUCCESS,Screening registration opened at Camp-E (Highland Primary Screening).
885,2026-08-12T08:41:00,Imaging Reviewer,CASE-0273,EVIDENCE_VIEWED,IMAGING,SUCCESS,Reviewed Slit Lamp capture (LOW_QUALITY).
886,2026-08-12T08:41:00,Imaging Reviewer,CASE-0273,LOW_QUALITY_DETECTED,IMAGING,WARNING,Sub-threshold quality score (39.9/100) triggered automated flag.
887,2026-08-15T01:08:00,Case Reviewer,CASE-0273,REVIEW_SUBMITTED,REVIEW,SUCCESS,Clinical decision recorded: REVIEW_REQUIRED.
888,2026-08-21T08:42:00,Camp Coordinator,CASE-0274,CASE_CREATED,CASE,SUCCESS,Screening registration opened at Camp-B (Eastern Rural Mobile Clinic).
889,2026-08-21T13:24:00,Imaging Reviewer,CASE-0274,EVIDENCE_VIEWED,IMAGING,SUCCESS,Reviewed Fundus capture (GOOD).
890,2026-08-24T04:42:00,Case Reviewer,CASE-0274,REVIEW_SUBMITTED,REVIEW,SUCCESS,Clinical decision recorded: REFER.
891,2026-08-06T06:56:00,Camp Coordinator,CASE-0275,CASE_CREATED,CASE,SUCCESS,Screening registration opened at Camp-E (Highland Primary Screening).
892,2026-08-06T08:21:00,Imaging Reviewer,CASE-0275,EVIDENCE_VIEWED,IMAGING,SUCCESS,Reviewed OCT capture (ACCEPTABLE).
893,2026-08-09T18:56:00,Case Reviewer,CASE-0275,REVIEW_SUBMITTED,REVIEW,SUCCESS,Clinical decision recorded: CLEAR.
894,2026-07-28T06:40:00,Camp Coordinator,CASE-0276,CASE_CREATED,CASE,SUCCESS,Screening registration opened at Camp-E (Highland Primary Screening).
895,2026-07-28T09:08:00,Imaging Reviewer,CASE-0276,EVIDENCE_VIEWED,IMAGING,SUCCESS,Reviewed OCT capture (GOOD).
896,2026-08-02T02:40:00,Case Reviewer,CASE-0276,REVIEW_SUBMITTED,REVIEW,SUCCESS,Clinical decision recorded: REVIEW_REQUIRED.
897,2026-07-16T00:23:00,Camp Coordinator,CASE-0277,CASE_CREATED,CASE,SUCCESS,Screening registration opened at Camp-A (North Valley Health Center).
898,2026-07-16T03:55:00,Imaging Reviewer,CASE-0277,EVIDENCE_VIEWED,IMAGING,SUCCESS,Reviewed OCT capture (GOOD).
899,2026-07-19T16:23:00,Case Reviewer,CASE-0277,REVIEW_SUBMITTED,REVIEW,SUCCESS,Clinical decision recorded: INSUFFICIENT_EVIDENCE.
900,2026-09-01T06:33:00,Camp Coordinator,CASE-0278,CASE_CREATED,CASE,SUCCESS,Screening registration opened at Camp-E (Highland Primary Screening).
901,2026-09-01T08:12:00,Imaging Reviewer,CASE-0278,EVIDENCE_VIEWED,IMAGING,SUCCESS,Reviewed Fundus capture (GOOD).
902,2026-09-04T04:33:00,Case Reviewer,CASE-0278,REVIEW_SUBMITTED,REVIEW,SUCCESS,Clinical decision recorded: INSUFFICIENT_EVIDENCE.
903,2026-08-09T05:31:00,Camp Coordinator,CASE-0279,CASE_CREATED,CASE,SUCCESS,Screening registration opened at Camp-A (North Valley Health Center).
904,2026-08-09T07:41:00,Imaging Reviewer,CASE-0279,EVIDENCE_VIEWED,IMAGING,SUCCESS,Reviewed Slit Lamp capture (GOOD).
905,2026-08-13T22:31:00,Case Reviewer,CASE-0279,REVIEW_SUBMITTED,REVIEW,SUCCESS,Clinical decision recorded: REFER.
906,2026-08-24T07:51:00,Camp Coordinator,CASE-0280,CASE_CREATED,CASE,SUCCESS,Screening registration opened at Camp-C (Hillside Community Outpost).
907,2026-08-24T09:30:00,Imaging Reviewer,CASE-0280,EVIDENCE_VIEWED,IMAGING,SUCCESS,Reviewed Slit Lamp capture (GOOD).
908,2026-08-27T02:51:00,Case Reviewer,CASE-0280,REVIEW_SUBMITTED,REVIEW,SUCCESS,Clinical decision recorded: CLEAR.
909,2026-08-06T00:31:00,Camp Coordinator,CASE-0281,CASE_CREATED,CASE,SUCCESS,Screening registration opened at Camp-C (Hillside Community Outpost).
910,2026-08-06T01:50:00,Imaging Reviewer,CASE-0281,EVIDENCE_VIEWED,IMAGING,SUCCESS,Reviewed Retinal Image capture (GOOD).
911,2026-08-08T16:31:00,Case Reviewer,CASE-0281,REVIEW_SUBMITTED,REVIEW,SUCCESS,Clinical decision recorded: REVIEW_REQUIRED.
912,2026-08-11T00:09:00,Camp Coordinator,CASE-0282,CASE_CREATED,CASE,SUCCESS,Screening registration opened at Camp-B (Eastern Rural Mobile Clinic).
913,2026-08-11T01:17:00,Imaging Reviewer,CASE-0282,EVIDENCE_VIEWED,IMAGING,SUCCESS,Reviewed Fundus capture (ACCEPTABLE).
914,2026-08-13T13:09:00,Case Reviewer,CASE-0282,REVIEW_SUBMITTED,REVIEW,SUCCESS,Clinical decision recorded: CLEAR.
915,2026-08-03T02:03:00,Camp Coordinator,CASE-0283,CASE_CREATED,CASE,SUCCESS,Screening registration opened at Camp-E (Highland Primary Screening).
916,2026-08-03T03:37:00,Imaging Reviewer,CASE-0283,EVIDENCE_VIEWED,IMAGING,SUCCESS,Reviewed Slit Lamp capture (GOOD).
917,2026-08-06T16:03:00,Case Reviewer,CASE-0283,REVIEW_SUBMITTED,REVIEW,SUCCESS,Clinical decision recorded: REFER.
918,2026-08-05T00:18:00,Camp Coordinator,CASE-0284,CASE_CREATED,CASE,SUCCESS,Screening registration opened at Camp-C (Hillside Community Outpost).
919,2026-08-05T03:46:00,Imaging Reviewer,CASE-0284,EVIDENCE_VIEWED,IMAGING,SUCCESS,Reviewed Fundus capture (GOOD).
920,2026-08-05T15:18:00,Administrator,CASE-0284,LINEAGE_ERROR_DETECTED,SPECIMEN,FAILED,Lost specimen accession tag for SPEC-0284 during central lab transport.
921,2026-08-07T19:18:00,Case Reviewer,CASE-0284,REVIEW_SUBMITTED,REVIEW,SUCCESS,Clinical decision recorded: INSUFFICIENT_EVIDENCE.
922,2026-08-20T01:15:00,Camp Coordinator,CASE-0285,CASE_CREATED,CASE,SUCCESS,Screening registration opened at Camp-D (Riverdale Outreach Hub).
923,2026-08-20T04:46:00,Imaging Reviewer,CASE-0285,EVIDENCE_VIEWED,IMAGING,SUCCESS,Reviewed Slit Lamp capture (ACCEPTABLE).
924,2026-08-24T18:15:00,Case Reviewer,CASE-0285,REVIEW_SUBMITTED,REVIEW,SUCCESS,Clinical decision recorded: CLEAR.
925,2026-08-31T00:52:00,Camp Coordinator,CASE-0286,CASE_CREATED,CASE,SUCCESS,Screening registration opened at Camp-B (Eastern Rural Mobile Clinic).
926,2026-08-31T03:59:00,Imaging Reviewer,CASE-0286,EVIDENCE_VIEWED,IMAGING,SUCCESS,Reviewed Fundus capture (ACCEPTABLE).
927,2026-09-02T15:52:00,Case Reviewer,CASE-0286,REVIEW_SUBMITTED,REVIEW,SUCCESS,Clinical decision recorded: REVIEW_REQUIRED.
928,2026-08-13T01:44:00,Camp Coordinator,CASE-0287,CASE_CREATED,CASE,SUCCESS,Screening registration opened at Camp-C (Hillside Community Outpost).
929,2026-08-13T05:53:00,Imaging Reviewer,CASE-0287,EVIDENCE_VIEWED,IMAGING,SUCCESS,Reviewed Fundus capture (ACCEPTABLE).
930,2026-08-15T22:44:00,Case Reviewer,CASE-0287,REVIEW_SUBMITTED,REVIEW,SUCCESS,Clinical decision recorded: REFER.
931,2026-07-26T01:46:00,Camp Coordinator,CASE-0288,CASE_CREATED,CASE,SUCCESS,Screening registration opened at Camp-A (North Valley Health Center).
932,2026-07-26T05:22:00,Imaging Reviewer,CASE-0288,EVIDENCE_VIEWED,IMAGING,SUCCESS,Reviewed Retinal Image capture (ACCEPTABLE).
933,2026-07-28T18:46:00,Case Reviewer,CASE-0288,REVIEW_SUBMITTED,REVIEW,SUCCESS,Clinical decision recorded: REFER.
934,2026-08-09T04:24:00,Camp Coordinator,CASE-0289,CASE_CREATED,CASE,SUCCESS,Screening registration opened at Camp-A (North Valley Health Center).
935,2026-08-09T05:58:00,Imaging Reviewer,CASE-0289,EVIDENCE_VIEWED,IMAGING,SUCCESS,Reviewed Slit Lamp capture (ACCEPTABLE).
936,2026-08-09T18:24:00,Administrator,CASE-0289,LINEAGE_ERROR_DETECTED,SPECIMEN,FAILED,Lost specimen accession tag for SPEC-0289 during central lab transport.
937,2026-08-11T22:24:00,Case Reviewer,CASE-0289,REVIEW_SUBMITTED,REVIEW,SUCCESS,Clinical decision recorded: INSUFFICIENT_EVIDENCE.
938,2026-07-31T00:25:00,Camp Coordinator,CASE-0290,CASE_CREATED,CASE,SUCCESS,Screening registration opened at Camp-A (North Valley Health Center).
939,2026-07-31T02:51:00,Imaging Reviewer,CASE-0290,EVIDENCE_VIEWED,IMAGING,SUCCESS,Reviewed OCT capture (GOOD).
940,2026-08-03T17:25:00,Case Reviewer,CASE-0290,REVIEW_SUBMITTED,REVIEW,SUCCESS,Clinical decision recorded: INSUFFICIENT_EVIDENCE.
941,2026-07-26T08:29:00,Camp Coordinator,CASE-0291,CASE_CREATED,CASE,SUCCESS,Screening registration opened at Camp-E (Highland Primary Screening).
942,2026-07-26T12:48:00,Imaging Reviewer,CASE-0291,EVIDENCE_VIEWED,IMAGING,SUCCESS,Reviewed Retinal Image capture (LOW_QUALITY).
943,2026-07-26T12:48:00,Imaging Reviewer,CASE-0291,LOW_QUALITY_DETECTED,IMAGING,WARNING,Sub-threshold quality score (41.6/100) triggered automated flag.
944,2026-07-30T01:29:00,Case Reviewer,CASE-0291,REVIEW_SUBMITTED,REVIEW,SUCCESS,Clinical decision recorded: REVIEW_REQUIRED.
945,2026-08-01T03:38:00,Camp Coordinator,CASE-0292,CASE_CREATED,CASE,SUCCESS,Screening registration opened at Camp-B (Eastern Rural Mobile Clinic).
946,2026-08-01T07:03:00,Imaging Reviewer,CASE-0292,EVIDENCE_VIEWED,IMAGING,SUCCESS,Reviewed Fundus capture (GOOD).
947,2026-08-04T04:38:00,Case Reviewer,CASE-0292,REVIEW_SUBMITTED,REVIEW,SUCCESS,Clinical decision recorded: INSUFFICIENT_EVIDENCE.
948,2026-08-13T07:49:00,Camp Coordinator,CASE-0293,CASE_CREATED,CASE,SUCCESS,Screening registration opened at Camp-A (North Valley Health Center).
949,2026-08-13T09:05:00,Imaging Reviewer,CASE-0293,EVIDENCE_VIEWED,IMAGING,SUCCESS,Reviewed OCT capture (ACCEPTABLE).
950,2026-08-17T04:49:00,Case Reviewer,CASE-0293,REVIEW_SUBMITTED,REVIEW,SUCCESS,Clinical decision recorded: CLEAR.
951,2026-08-06T01:12:00,Camp Coordinator,CASE-0294,CASE_CREATED,CASE,SUCCESS,Screening registration opened at Camp-A (North Valley Health Center).
952,2026-08-06T05:27:00,Imaging Reviewer,CASE-0294,EVIDENCE_VIEWED,IMAGING,SUCCESS,Reviewed Slit Lamp capture (GOOD).
953,2026-08-11T01:12:00,Case Reviewer,CASE-0294,REVIEW_SUBMITTED,REVIEW,SUCCESS,Clinical decision recorded: REVIEW_REQUIRED.
954,2026-07-18T04:34:00,Camp Coordinator,CASE-0295,CASE_CREATED,CASE,SUCCESS,Screening registration opened at Camp-E (Highland Primary Screening).
955,2026-07-18T09:08:00,Imaging Reviewer,CASE-0295,EVIDENCE_VIEWED,IMAGING,SUCCESS,Reviewed Retinal Image capture (LOW_QUALITY).
956,2026-07-18T09:08:00,Imaging Reviewer,CASE-0295,LOW_QUALITY_DETECTED,IMAGING,WARNING,Sub-threshold quality score (45.9/100) triggered automated flag.
957,2026-07-22T15:34:00,Case Reviewer,CASE-0295,REVIEW_SUBMITTED,REVIEW,SUCCESS,Clinical decision recorded: REVIEW_REQUIRED.
958,2026-08-09T07:11:00,Camp Coordinator,CASE-0296,CASE_CREATED,CASE,SUCCESS,Screening registration opened at Camp-A (North Valley Health Center).
959,2026-08-09T08:45:00,Imaging Reviewer,CASE-0296,EVIDENCE_VIEWED,IMAGING,SUCCESS,Reviewed Fundus capture (ACCEPTABLE).
960,2026-08-09T20:11:00,Administrator,CASE-0296,LINEAGE_ERROR_DETECTED,SPECIMEN,FAILED,Lost specimen accession tag for SPEC-0296 during central lab transport.
961,2026-08-13T01:11:00,Case Reviewer,CASE-0296,REVIEW_SUBMITTED,REVIEW,SUCCESS,Clinical decision recorded: INSUFFICIENT_EVIDENCE.
962,2026-08-01T01:55:00,Camp Coordinator,CASE-0297,CASE_CREATED,CASE,SUCCESS,Screening registration opened at Camp-A (North Valley Health Center).
963,2026-08-01T04:10:00,Imaging Reviewer,CASE-0297,EVIDENCE_VIEWED,IMAGING,SUCCESS,Reviewed Fundus capture (GOOD).
964,2026-08-04T16:55:00,Case Reviewer,CASE-0297,REVIEW_SUBMITTED,REVIEW,SUCCESS,Clinical decision recorded: INSUFFICIENT_EVIDENCE.
965,2026-07-20T00:46:00,Camp Coordinator,CASE-0298,CASE_CREATED,CASE,SUCCESS,Screening registration opened at Camp-D (Riverdale Outreach Hub).
966,2026-07-20T01:54:00,Imaging Reviewer,CASE-0298,EVIDENCE_VIEWED,IMAGING,SUCCESS,Reviewed Retinal Image capture (GOOD).
967,2026-07-22T13:46:00,Case Reviewer,CASE-0298,REVIEW_SUBMITTED,REVIEW,SUCCESS,Clinical decision recorded: CLEAR.
968,2026-08-26T03:39:00,Camp Coordinator,CASE-0299,CASE_CREATED,CASE,SUCCESS,Screening registration opened at Camp-E (Highland Primary Screening).
969,2026-08-26T05:57:00,Imaging Reviewer,CASE-0299,EVIDENCE_VIEWED,IMAGING,SUCCESS,Reviewed Fundus capture (GOOD).
970,2026-08-30T18:39:00,Case Reviewer,CASE-0299,CONFLICT_DETECTED,CASE,WARNING,Pathology Severe Abnormality vs Imaging Normal detected by clinical rule engine.
971,2026-08-30T18:39:00,Case Reviewer,CASE-0299,REVIEW_SUBMITTED,REVIEW,SUCCESS,Clinical decision recorded: REVIEW_REQUIRED.
972,2026-07-25T01:53:00,Camp Coordinator,CASE-0300,CASE_CREATED,CASE,SUCCESS,Screening registration opened at Camp-E (Highland Primary Screening).
973,2026-07-25T06:06:00,Imaging Reviewer,CASE-0300,EVIDENCE_VIEWED,IMAGING,SUCCESS,Reviewed Slit Lamp capture (ACCEPTABLE).
974,2026-07-27T16:53:00,Case Reviewer,CASE-0300,REVIEW_SUBMITTED,REVIEW,SUCCESS,Clinical decision recorded: CLEAR.
975,2026-08-01T04:47:00,Camp Coordinator,CASE-0301,CASE_CREATED,CASE,SUCCESS,Screening registration opened at Camp-B (Eastern Rural Mobile Clinic).
976,2026-08-01T09:13:00,Imaging Reviewer,CASE-0301,EVIDENCE_VIEWED,IMAGING,SUCCESS,Reviewed OCT capture (ACCEPTABLE).
977,2026-08-04T19:47:00,Case Reviewer,CASE-0301,REVIEW_SUBMITTED,REVIEW,SUCCESS,Clinical decision recorded: INSUFFICIENT_EVIDENCE.
978,2026-07-25T02:26:00,Camp Coordinator,CASE-0302,CASE_CREATED,CASE,SUCCESS,Screening registration opened at Camp-C (Hillside Community Outpost).
979,2026-07-25T03:43:00,Imaging Reviewer,CASE-0302,EVIDENCE_VIEWED,IMAGING,SUCCESS,Reviewed Fundus capture (GOOD).
980,2026-07-27T20:26:00,Case Reviewer,CASE-0302,REVIEW_SUBMITTED,REVIEW,SUCCESS,Clinical decision recorded: INSUFFICIENT_EVIDENCE.
981,2026-08-22T05:44:00,Camp Coordinator,CASE-0303,CASE_CREATED,CASE,SUCCESS,Screening registration opened at Camp-D (Riverdale Outreach Hub).
982,2026-08-22T08:06:00,Imaging Reviewer,CASE-0303,EVIDENCE_VIEWED,IMAGING,SUCCESS,Reviewed Retinal Image capture (ACCEPTABLE).
983,2026-08-26T05:44:00,Case Reviewer,CASE-0303,REVIEW_SUBMITTED,REVIEW,SUCCESS,Clinical decision recorded: REVIEW_REQUIRED.
984,2026-08-23T00:13:00,Camp Coordinator,CASE-0304,CASE_CREATED,CASE,SUCCESS,Screening registration opened at Camp-B (Eastern Rural Mobile Clinic).
985,2026-08-23T04:22:00,Imaging Reviewer,CASE-0304,EVIDENCE_VIEWED,IMAGING,SUCCESS,Reviewed Slit Lamp capture (ACCEPTABLE).
986,2026-08-26T22:13:00,Case Reviewer,CASE-0304,REVIEW_SUBMITTED,REVIEW,SUCCESS,Clinical decision recorded: REVIEW_REQUIRED.
987,2026-08-22T05:11:00,Camp Coordinator,CASE-0305,CASE_CREATED,CASE,SUCCESS,Screening registration opened at Camp-D (Riverdale Outreach Hub).
988,2026-08-22T08:19:00,Imaging Reviewer,CASE-0305,EVIDENCE_VIEWED,IMAGING,SUCCESS,Reviewed Retinal Image capture (GOOD).
989,2026-08-25T18:11:00,Case Reviewer,CASE-0305,REVIEW_SUBMITTED,REVIEW,SUCCESS,Clinical decision recorded: CLEAR.
990,2026-08-08T02:14:00,Camp Coordinator,CASE-0306,CASE_CREATED,CASE,SUCCESS,Screening registration opened at Camp-E (Highland Primary Screening).
991,2026-08-08T05:51:00,Imaging Reviewer,CASE-0306,EVIDENCE_VIEWED,IMAGING,SUCCESS,Reviewed Retinal Image capture (LOW_QUALITY).
992,2026-08-08T05:51:00,Imaging Reviewer,CASE-0306,LOW_QUALITY_DETECTED,IMAGING,WARNING,Sub-threshold quality score (38.5/100) triggered automated flag.
993,2026-08-12T18:14:00,Case Reviewer,CASE-0306,REVIEW_SUBMITTED,REVIEW,SUCCESS,Clinical decision recorded: REVIEW_REQUIRED.
994,2026-08-28T02:26:00,Camp Coordinator,CASE-0307,CASE_CREATED,CASE,SUCCESS,Screening registration opened at Camp-D (Riverdale Outreach Hub).
995,2026-08-28T04:43:00,Imaging Reviewer,CASE-0307,EVIDENCE_VIEWED,IMAGING,SUCCESS,Reviewed Retinal Image capture (LOW_QUALITY).
996,2026-08-28T04:43:00,Imaging Reviewer,CASE-0307,LOW_QUALITY_DETECTED,IMAGING,WARNING,Sub-threshold quality score (29.2/100) triggered automated flag.
997,2026-08-31T16:26:00,Case Reviewer,CASE-0307,REVIEW_SUBMITTED,REVIEW,SUCCESS,Clinical decision recorded: REVIEW_REQUIRED.
998,2026-08-27T04:54:00,Camp Coordinator,CASE-0308,CASE_CREATED,CASE,SUCCESS,Screening registration opened at Camp-D (Riverdale Outreach Hub).
999,2026-08-27T09:30:00,Imaging Reviewer,CASE-0308,EVIDENCE_VIEWED,IMAGING,SUCCESS,Reviewed Fundus capture (ACCEPTABLE).
1000,2026-09-01T02:54:00,Case Reviewer,CASE-0308,REVIEW_SUBMITTED,REVIEW,SUCCESS,Clinical decision recorded: REVIEW_REQUIRED.
1001,2026-08-11T03:16:00,Camp Coordinator,CASE-0309,CASE_CREATED,CASE,SUCCESS,Screening registration opened at Camp-C (Hillside Community Outpost).
1002,2026-08-11T04:43:00,Imaging Reviewer,CASE-0309,EVIDENCE_VIEWED,IMAGING,SUCCESS,Reviewed Slit Lamp capture (GOOD).
1003,2026-08-15T00:16:00,Case Reviewer,CASE-0309,REVIEW_SUBMITTED,REVIEW,SUCCESS,Clinical decision recorded: INSUFFICIENT_EVIDENCE.
1004,2026-08-01T02:12:00,Camp Coordinator,CASE-0310,CASE_CREATED,CASE,SUCCESS,Screening registration opened at Camp-E (Highland Primary Screening).
1005,2026-08-01T06:23:00,Imaging Reviewer,CASE-0310,EVIDENCE_VIEWED,IMAGING,SUCCESS,Reviewed Retinal Image capture (ACCEPTABLE).
1006,2026-08-03T21:12:00,Case Reviewer,CASE-0310,REVIEW_SUBMITTED,REVIEW,SUCCESS,Clinical decision recorded: REFER.
1007,2026-07-21T07:53:00,Camp Coordinator,CASE-0311,CASE_CREATED,CASE,SUCCESS,Screening registration opened at Camp-D (Riverdale Outreach Hub).
1008,2026-07-21T10:14:00,Imaging Reviewer,CASE-0311,EVIDENCE_VIEWED,IMAGING,SUCCESS,Reviewed Retinal Image capture (GOOD).
1009,2026-07-24T19:53:00,Case Reviewer,CASE-0311,REVIEW_SUBMITTED,REVIEW,SUCCESS,Clinical decision recorded: CLEAR.
1010,2026-07-15T23:47:00,Camp Coordinator,CASE-0312,CASE_CREATED,CASE,SUCCESS,Screening registration opened at Camp-A (North Valley Health Center).
1011,2026-07-16T01:11:00,Imaging Reviewer,CASE-0312,EVIDENCE_VIEWED,IMAGING,SUCCESS,Reviewed Fundus capture (GOOD).
1012,2026-07-19T17:47:00,Case Reviewer,CASE-0312,REVIEW_SUBMITTED,REVIEW,SUCCESS,Clinical decision recorded: INSUFFICIENT_EVIDENCE.
1013,2026-08-14T06:12:00,Camp Coordinator,CASE-0313,CASE_CREATED,CASE,SUCCESS,Screening registration opened at Camp-A (North Valley Health Center).
1014,2026-08-14T09:53:00,Imaging Reviewer,CASE-0313,EVIDENCE_VIEWED,IMAGING,SUCCESS,Reviewed Retinal Image capture (GOOD).
1015,2026-08-17T21:12:00,Case Reviewer,CASE-0313,REVIEW_SUBMITTED,REVIEW,SUCCESS,Clinical decision recorded: INSUFFICIENT_EVIDENCE.
1016,2026-07-15T02:34:00,Camp Coordinator,CASE-0314,CASE_CREATED,CASE,SUCCESS,Screening registration opened at Camp-A (North Valley Health Center).
1017,2026-07-15T06:45:00,Imaging Reviewer,CASE-0314,EVIDENCE_VIEWED,IMAGING,SUCCESS,Reviewed OCT capture (ACCEPTABLE).
1018,2026-07-19T16:34:00,Case Reviewer,CASE-0314,REVIEW_SUBMITTED,REVIEW,SUCCESS,Clinical decision recorded: REVIEW_REQUIRED.
1019,2026-07-27T07:16:00,Camp Coordinator,CASE-0315,CASE_CREATED,CASE,SUCCESS,Screening registration opened at Camp-B (Eastern Rural Mobile Clinic).
1020,2026-07-27T08:43:00,Imaging Reviewer,CASE-0315,EVIDENCE_VIEWED,IMAGING,SUCCESS,Reviewed Retinal Image capture (ACCEPTABLE).
1021,2026-07-29T19:16:00,Case Reviewer,CASE-0315,REVIEW_SUBMITTED,REVIEW,SUCCESS,Clinical decision recorded: INSUFFICIENT_EVIDENCE.
1022,2026-07-22T02:42:00,Camp Coordinator,CASE-0316,CASE_CREATED,CASE,SUCCESS,Screening registration opened at Camp-D (Riverdale Outreach Hub).
1023,2026-07-22T04:48:00,Imaging Reviewer,CASE-0316,EVIDENCE_VIEWED,IMAGING,SUCCESS,Reviewed Retinal Image capture (ACCEPTABLE).
1024,2026-07-25T20:42:00,Case Reviewer,CASE-0316,REVIEW_SUBMITTED,REVIEW,SUCCESS,Clinical decision recorded: INSUFFICIENT_EVIDENCE.
1025,2026-07-19T08:34:00,Camp Coordinator,CASE-0317,CASE_CREATED,CASE,SUCCESS,Screening registration opened at Camp-E (Highland Primary Screening).
1026,2026-07-19T09:52:00,Imaging Reviewer,CASE-0317,EVIDENCE_VIEWED,IMAGING,SUCCESS,Reviewed Fundus capture (ACCEPTABLE).
1027,2026-07-21T19:34:00,Case Reviewer,CASE-0317,REVIEW_SUBMITTED,REVIEW,SUCCESS,Clinical decision recorded: REVIEW_REQUIRED.
1028,2026-07-29T06:32:00,Camp Coordinator,CASE-0318,CASE_CREATED,CASE,SUCCESS,Screening registration opened at Camp-A (North Valley Health Center).
1029,2026-07-29T10:11:00,Imaging Reviewer,CASE-0318,EVIDENCE_VIEWED,IMAGING,SUCCESS,Reviewed Retinal Image capture (ACCEPTABLE).
1030,2026-07-31T22:32:00,Case Reviewer,CASE-0318,REVIEW_SUBMITTED,REVIEW,SUCCESS,Clinical decision recorded: REVIEW_REQUIRED.
1031,2026-07-24T02:55:00,Camp Coordinator,CASE-0319,CASE_CREATED,CASE,SUCCESS,Screening registration opened at Camp-E (Highland Primary Screening).
1032,2026-07-24T07:05:00,Imaging Reviewer,CASE-0319,EVIDENCE_VIEWED,IMAGING,SUCCESS,Reviewed Slit Lamp capture (GOOD).
1033,2026-07-27T01:55:00,Case Reviewer,CASE-0319,REVIEW_SUBMITTED,REVIEW,SUCCESS,Clinical decision recorded: REFER.
1034,2026-08-25T00:52:00,Camp Coordinator,CASE-0320,CASE_CREATED,CASE,SUCCESS,Screening registration opened at Camp-E (Highland Primary Screening).
1035,2026-08-25T04:14:00,Imaging Reviewer,CASE-0320,EVIDENCE_VIEWED,IMAGING,SUCCESS,Reviewed OCT capture (GOOD).
1036,2026-08-27T16:52:00,Case Reviewer,CASE-0320,REVIEW_SUBMITTED,REVIEW,SUCCESS,Clinical decision recorded: REVIEW_REQUIRED.
1037,2026-07-25T07:02:00,Camp Coordinator,CASE-0321,CASE_CREATED,CASE,SUCCESS,Screening registration opened at Camp-A (North Valley Health Center).
1038,2026-07-25T11:37:00,Imaging Reviewer,CASE-0321,EVIDENCE_VIEWED,IMAGING,SUCCESS,Reviewed OCT capture (LOW_QUALITY).
1039,2026-07-25T11:37:00,Imaging Reviewer,CASE-0321,LOW_QUALITY_DETECTED,IMAGING,WARNING,Sub-threshold quality score (31.0/100) triggered automated flag.
1040,2026-07-30T05:02:00,Case Reviewer,CASE-0321,REVIEW_SUBMITTED,REVIEW,SUCCESS,Clinical decision recorded: REVIEW_REQUIRED.
1041,2026-08-21T01:37:00,Camp Coordinator,CASE-0322,CASE_CREATED,CASE,SUCCESS,Screening registration opened at Camp-D (Riverdale Outreach Hub).
1042,2026-08-21T04:01:00,Imaging Reviewer,CASE-0322,EVIDENCE_VIEWED,IMAGING,SUCCESS,Reviewed Fundus capture (GOOD).
1043,2026-08-23T18:37:00,Case Reviewer,CASE-0322,REVIEW_SUBMITTED,REVIEW,SUCCESS,Clinical decision recorded: REFER.
1044,2026-07-31T00:15:00,Camp Coordinator,CASE-0323,CASE_CREATED,CASE,SUCCESS,Screening registration opened at Camp-A (North Valley Health Center).
1045,2026-07-31T01:47:00,Imaging Reviewer,CASE-0323,EVIDENCE_VIEWED,IMAGING,SUCCESS,Reviewed Slit Lamp capture (LOW_QUALITY).
1046,2026-07-31T01:47:00,Imaging Reviewer,CASE-0323,LOW_QUALITY_DETECTED,IMAGING,WARNING,Sub-threshold quality score (30.6/100) triggered automated flag.
1047,2026-08-03T17:15:00,Case Reviewer,CASE-0323,REVIEW_SUBMITTED,REVIEW,SUCCESS,Clinical decision recorded: REVIEW_REQUIRED.
1048,2026-08-25T03:01:00,Camp Coordinator,CASE-0324,CASE_CREATED,CASE,SUCCESS,Screening registration opened at Camp-B (Eastern Rural Mobile Clinic).
1049,2026-08-25T05:06:00,Imaging Reviewer,CASE-0324,EVIDENCE_VIEWED,IMAGING,SUCCESS,Reviewed Retinal Image capture (ACCEPTABLE).
1050,2026-08-29T18:01:00,Case Reviewer,CASE-0324,REVIEW_SUBMITTED,REVIEW,SUCCESS,Clinical decision recorded: REVIEW_REQUIRED.
1051,2026-07-31T06:33:00,Camp Coordinator,CASE-0325,CASE_CREATED,CASE,SUCCESS,Screening registration opened at Camp-A (North Valley Health Center).
1052,2026-07-31T11:03:00,Imaging Reviewer,CASE-0325,EVIDENCE_VIEWED,IMAGING,SUCCESS,Reviewed Slit Lamp capture (ACCEPTABLE).
1053,2026-08-03T04:33:00,Case Reviewer,CASE-0325,REVIEW_SUBMITTED,REVIEW,SUCCESS,Clinical decision recorded: REVIEW_REQUIRED.
1054,2026-08-07T02:12:00,Camp Coordinator,CASE-0326,CASE_CREATED,CASE,SUCCESS,Screening registration opened at Camp-C (Hillside Community Outpost).
1055,2026-08-07T05:24:00,Imaging Reviewer,CASE-0326,EVIDENCE_VIEWED,IMAGING,SUCCESS,Reviewed Retinal Image capture (LOW_QUALITY).
1056,2026-08-07T05:24:00,Imaging Reviewer,CASE-0326,LOW_QUALITY_DETECTED,IMAGING,WARNING,Sub-threshold quality score (36.2/100) triggered automated flag.
1057,2026-08-09T23:12:00,Case Reviewer,CASE-0326,REVIEW_SUBMITTED,REVIEW,SUCCESS,Clinical decision recorded: REVIEW_REQUIRED.
1058,2026-08-29T03:32:00,Camp Coordinator,CASE-0327,CASE_CREATED,CASE,SUCCESS,Screening registration opened at Camp-E (Highland Primary Screening).
1059,2026-08-29T07:52:00,Imaging Reviewer,CASE-0327,EVIDENCE_VIEWED,IMAGING,SUCCESS,Reviewed OCT capture (GOOD).
1060,2026-09-01T22:32:00,Case Reviewer,CASE-0327,REVIEW_SUBMITTED,REVIEW,SUCCESS,Clinical decision recorded: REVIEW_REQUIRED.
1061,2026-08-18T07:51:00,Camp Coordinator,CASE-0328,CASE_CREATED,CASE,SUCCESS,Screening registration opened at Camp-D (Riverdale Outreach Hub).
1062,2026-08-18T10:01:00,Imaging Reviewer,CASE-0328,EVIDENCE_VIEWED,IMAGING,SUCCESS,Reviewed Fundus capture (ACCEPTABLE).
1063,2026-08-22T00:51:00,Case Reviewer,CASE-0328,REVIEW_SUBMITTED,REVIEW,SUCCESS,Clinical decision recorded: REFER.
1064,2026-08-29T03:46:00,Camp Coordinator,CASE-0329,CASE_CREATED,CASE,SUCCESS,Screening registration opened at Camp-C (Hillside Community Outpost).
1065,2026-08-29T08:14:00,Imaging Reviewer,CASE-0329,EVIDENCE_VIEWED,IMAGING,SUCCESS,Reviewed Slit Lamp capture (ACCEPTABLE).
1066,2026-09-02T04:46:00,Case Reviewer,CASE-0329,REVIEW_SUBMITTED,REVIEW,SUCCESS,Clinical decision recorded: INSUFFICIENT_EVIDENCE.
1067,2026-08-08T07:03:00,Camp Coordinator,CASE-0330,CASE_CREATED,CASE,SUCCESS,Screening registration opened at Camp-A (North Valley Health Center).
1068,2026-08-08T09:20:00,Imaging Reviewer,CASE-0330,EVIDENCE_VIEWED,IMAGING,SUCCESS,Reviewed Retinal Image capture (GOOD).
1069,2026-08-10T21:03:00,Case Reviewer,CASE-0330,REVIEW_SUBMITTED,REVIEW,SUCCESS,Clinical decision recorded: INSUFFICIENT_EVIDENCE.
1070,2026-07-31T08:49:00,Camp Coordinator,CASE-0331,CASE_CREATED,CASE,SUCCESS,Screening registration opened at Camp-E (Highland Primary Screening).
1071,2026-07-31T11:19:00,Imaging Reviewer,CASE-0331,EVIDENCE_VIEWED,IMAGING,SUCCESS,Reviewed Retinal Image capture (GOOD).
1072,2026-08-05T05:49:00,Case Reviewer,CASE-0331,REVIEW_SUBMITTED,REVIEW,SUCCESS,Clinical decision recorded: INSUFFICIENT_EVIDENCE.
1073,2026-09-01T06:23:00,Camp Coordinator,CASE-0332,CASE_CREATED,CASE,SUCCESS,Screening registration opened at Camp-B (Eastern Rural Mobile Clinic).
1074,2026-09-01T09:47:00,Imaging Reviewer,CASE-0332,EVIDENCE_VIEWED,IMAGING,SUCCESS,Reviewed OCT capture (ACCEPTABLE).
1075,2026-09-01T19:23:00,Administrator,CASE-0332,LINEAGE_ERROR_DETECTED,SPECIMEN,FAILED,Lost specimen accession tag for SPEC-0332 during central lab transport.
1076,2026-09-05T21:23:00,Case Reviewer,CASE-0332,REVIEW_SUBMITTED,REVIEW,SUCCESS,Clinical decision recorded: INSUFFICIENT_EVIDENCE.
1077,2026-09-01T03:19:00,Camp Coordinator,CASE-0333,CASE_CREATED,CASE,SUCCESS,Screening registration opened at Camp-E (Highland Primary Screening).
1078,2026-09-01T06:32:00,Imaging Reviewer,CASE-0333,EVIDENCE_VIEWED,IMAGING,SUCCESS,Reviewed Retinal Image capture (GOOD).
1079,2026-09-04T23:19:00,Case Reviewer,CASE-0333,REVIEW_SUBMITTED,REVIEW,SUCCESS,Clinical decision recorded: REFER.
1080,2026-08-18T03:42:00,Camp Coordinator,CASE-0334,CASE_CREATED,CASE,SUCCESS,Screening registration opened at Camp-B (Eastern Rural Mobile Clinic).
1081,2026-08-18T08:10:00,Imaging Reviewer,CASE-0334,EVIDENCE_VIEWED,IMAGING,SUCCESS,Reviewed OCT capture (GOOD).
1082,2026-08-18T15:42:00,Administrator,CASE-0334,LINEAGE_ERROR_DETECTED,SPECIMEN,FAILED,Lost specimen accession tag for SPEC-0334 during central lab transport.
1083,2026-08-22T20:42:00,Case Reviewer,CASE-0334,REVIEW_SUBMITTED,REVIEW,SUCCESS,Clinical decision recorded: INSUFFICIENT_EVIDENCE.
1084,2026-07-19T23:47:00,Camp Coordinator,CASE-0335,CASE_CREATED,CASE,SUCCESS,Screening registration opened at Camp-A (North Valley Health Center).
1085,2026-07-20T03:58:00,Imaging Reviewer,CASE-0335,EVIDENCE_VIEWED,IMAGING,SUCCESS,Reviewed OCT capture (LOW_QUALITY).
1086,2026-07-20T03:58:00,Imaging Reviewer,CASE-0335,LOW_QUALITY_DETECTED,IMAGING,WARNING,Sub-threshold quality score (41.7/100) triggered automated flag.
1087,2026-07-22T08:47:00,Case Reviewer,CASE-0335,REVIEW_SUBMITTED,REVIEW,SUCCESS,Clinical decision recorded: REVIEW_REQUIRED.
1088,2026-07-29T03:05:00,Camp Coordinator,CASE-0336,CASE_CREATED,CASE,SUCCESS,Screening registration opened at Camp-A (North Valley Health Center).
1089,2026-07-29T05:29:00,Imaging Reviewer,CASE-0336,EVIDENCE_VIEWED,IMAGING,SUCCESS,Reviewed Slit Lamp capture (GOOD).
1090,2026-07-31T19:05:00,Case Reviewer,CASE-0336,REVIEW_SUBMITTED,REVIEW,SUCCESS,Clinical decision recorded: CLEAR.
1091,2026-08-25T05:53:00,Camp Coordinator,CASE-0337,CASE_CREATED,CASE,SUCCESS,Screening registration opened at Camp-C (Hillside Community Outpost).
1092,2026-08-25T07:00:00,Imaging Reviewer,CASE-0337,EVIDENCE_VIEWED,IMAGING,SUCCESS,Reviewed OCT capture (ACCEPTABLE).
1093,2026-08-27T23:53:00,Case Reviewer,CASE-0337,REVIEW_SUBMITTED,REVIEW,SUCCESS,Clinical decision recorded: REVIEW_REQUIRED.
1094,2026-07-22T06:39:00,Camp Coordinator,CASE-0338,CASE_CREATED,CASE,SUCCESS,Screening registration opened at Camp-B (Eastern Rural Mobile Clinic).
1095,2026-07-22T11:01:00,Imaging Reviewer,CASE-0338,EVIDENCE_VIEWED,IMAGING,SUCCESS,Reviewed OCT capture (ACCEPTABLE).
1096,2026-07-27T06:39:00,Case Reviewer,CASE-0338,REVIEW_SUBMITTED,REVIEW,SUCCESS,Clinical decision recorded: INSUFFICIENT_EVIDENCE.
1097,2026-08-18T02:54:00,Camp Coordinator,CASE-0339,CASE_CREATED,CASE,SUCCESS,Screening registration opened at Camp-E (Highland Primary Screening).
1098,2026-08-18T04:22:00,Imaging Reviewer,CASE-0339,EVIDENCE_VIEWED,IMAGING,SUCCESS,Reviewed Retinal Image capture (LOW_QUALITY).
1099,2026-08-18T04:22:00,Imaging Reviewer,CASE-0339,LOW_QUALITY_DETECTED,IMAGING,WARNING,Sub-threshold quality score (47.0/100) triggered automated flag.
1100,2026-08-22T21:54:00,Case Reviewer,CASE-0339,REVIEW_SUBMITTED,REVIEW,SUCCESS,Clinical decision recorded: REVIEW_REQUIRED.
1101,2026-08-25T06:35:00,Camp Coordinator,CASE-0340,CASE_CREATED,CASE,SUCCESS,Screening registration opened at Camp-A (North Valley Health Center).
1102,2026-08-25T08:10:00,Imaging Reviewer,CASE-0340,EVIDENCE_VIEWED,IMAGING,SUCCESS,Reviewed OCT capture (ACCEPTABLE).
1103,2026-08-29T22:35:00,Case Reviewer,CASE-0340,REVIEW_SUBMITTED,REVIEW,SUCCESS,Clinical decision recorded: REVIEW_REQUIRED.
1104,2026-08-29T08:21:00,Camp Coordinator,CASE-0341,CASE_CREATED,CASE,SUCCESS,Screening registration opened at Camp-B (Eastern Rural Mobile Clinic).
1105,2026-08-29T13:01:00,Imaging Reviewer,CASE-0341,EVIDENCE_VIEWED,IMAGING,SUCCESS,Reviewed Slit Lamp capture (GOOD).
1106,2026-09-01T20:21:00,Case Reviewer,CASE-0341,CONFLICT_DETECTED,CASE,WARNING,Pathology Severe Abnormality vs Imaging Normal detected by clinical rule engine.
1107,2026-09-01T20:21:00,Case Reviewer,CASE-0341,REVIEW_SUBMITTED,REVIEW,SUCCESS,Clinical decision recorded: REVIEW_REQUIRED.
1108,2026-08-18T02:48:00,Camp Coordinator,CASE-0342,CASE_CREATED,CASE,SUCCESS,Screening registration opened at Camp-E (Highland Primary Screening).
1109,2026-08-18T07:17:00,Imaging Reviewer,CASE-0342,EVIDENCE_VIEWED,IMAGING,SUCCESS,Reviewed OCT capture (ACCEPTABLE).
1110,2026-08-18T14:48:00,Administrator,CASE-0342,LINEAGE_ERROR_DETECTED,SPECIMEN,FAILED,Lost specimen accession tag for SPEC-0342 during central lab transport.
1111,2026-08-20T17:48:00,Case Reviewer,CASE-0342,REVIEW_SUBMITTED,REVIEW,SUCCESS,Clinical decision recorded: INSUFFICIENT_EVIDENCE.
1112,2026-07-25T08:11:00,Camp Coordinator,CASE-0343,CASE_CREATED,CASE,SUCCESS,Screening registration opened at Camp-C (Hillside Community Outpost).
1113,2026-07-25T09:52:00,Imaging Reviewer,CASE-0343,EVIDENCE_VIEWED,IMAGING,SUCCESS,Reviewed Fundus capture (GOOD).
1114,2026-07-29T00:11:00,Case Reviewer,CASE-0343,REVIEW_SUBMITTED,REVIEW,SUCCESS,Clinical decision recorded: REVIEW_REQUIRED.
1115,2026-07-16T00:53:00,Camp Coordinator,CASE-0344,CASE_CREATED,CASE,SUCCESS,Screening registration opened at Camp-E (Highland Primary Screening).
1116,2026-07-16T02:16:00,Imaging Reviewer,CASE-0344,EVIDENCE_VIEWED,IMAGING,SUCCESS,Reviewed OCT capture (ACCEPTABLE).
1117,2026-07-20T16:53:00,Case Reviewer,CASE-0344,REVIEW_SUBMITTED,REVIEW,SUCCESS,Clinical decision recorded: INSUFFICIENT_EVIDENCE.
1118,2026-07-18T02:44:00,Camp Coordinator,CASE-0345,CASE_CREATED,CASE,SUCCESS,Screening registration opened at Camp-B (Eastern Rural Mobile Clinic).
1119,2026-07-18T03:49:00,Imaging Reviewer,CASE-0345,EVIDENCE_VIEWED,IMAGING,SUCCESS,Reviewed OCT capture (GOOD).
1120,2026-07-21T18:44:00,Case Reviewer,CASE-0345,REVIEW_SUBMITTED,REVIEW,SUCCESS,Clinical decision recorded: REVIEW_REQUIRED.
1121,2026-08-04T06:52:00,Camp Coordinator,CASE-0346,CASE_CREATED,CASE,SUCCESS,Screening registration opened at Camp-E (Highland Primary Screening).
1122,2026-08-04T09:25:00,Imaging Reviewer,CASE-0346,EVIDENCE_VIEWED,IMAGING,SUCCESS,Reviewed Slit Lamp capture (GOOD).
1123,2026-08-09T00:52:00,Case Reviewer,CASE-0346,REVIEW_SUBMITTED,REVIEW,SUCCESS,Clinical decision recorded: REVIEW_REQUIRED.
1124,2026-07-27T02:05:00,Camp Coordinator,CASE-0347,CASE_CREATED,CASE,SUCCESS,Screening registration opened at Camp-A (North Valley Health Center).
1125,2026-07-27T06:44:00,Imaging Reviewer,CASE-0347,EVIDENCE_VIEWED,IMAGING,SUCCESS,Reviewed Retinal Image capture (ACCEPTABLE).
1126,2026-07-31T19:05:00,Case Reviewer,CASE-0347,REVIEW_SUBMITTED,REVIEW,SUCCESS,Clinical decision recorded: INSUFFICIENT_EVIDENCE.
1127,2026-08-19T03:23:00,Camp Coordinator,CASE-0348,CASE_CREATED,CASE,SUCCESS,Screening registration opened at Camp-A (North Valley Health Center).
1128,2026-08-19T07:58:00,Imaging Reviewer,CASE-0348,EVIDENCE_VIEWED,IMAGING,SUCCESS,Reviewed OCT capture (ACCEPTABLE).
1129,2026-08-22T15:23:00,Case Reviewer,CASE-0348,REVIEW_SUBMITTED,REVIEW,SUCCESS,Clinical decision recorded: REFER.
1130,2026-08-27T02:38:00,Camp Coordinator,CASE-0349,CASE_CREATED,CASE,SUCCESS,Screening registration opened at Camp-C (Hillside Community Outpost).
1131,2026-08-27T05:10:00,Imaging Reviewer,CASE-0349,EVIDENCE_VIEWED,IMAGING,SUCCESS,Reviewed Slit Lamp capture (GOOD).
1132,2026-08-30T19:38:00,Case Reviewer,CASE-0349,REVIEW_SUBMITTED,REVIEW,SUCCESS,Clinical decision recorded: INSUFFICIENT_EVIDENCE.
1133,2026-07-26T07:57:00,Camp Coordinator,CASE-0350,CASE_CREATED,CASE,SUCCESS,Screening registration opened at Camp-B (Eastern Rural Mobile Clinic).
1134,2026-07-26T10:24:00,Imaging Reviewer,CASE-0350,EVIDENCE_VIEWED,IMAGING,SUCCESS,Reviewed OCT capture (GOOD).
1135,2026-07-30T04:57:00,Case Reviewer,CASE-0350,REVIEW_SUBMITTED,REVIEW,SUCCESS,Clinical decision recorded: REFER.
1136,2026-08-22T00:32:00,Camp Coordinator,CASE-0351,CASE_CREATED,CASE,SUCCESS,Screening registration opened at Camp-D (Riverdale Outreach Hub).
1137,2026-08-22T01:42:00,Imaging Reviewer,CASE-0351,EVIDENCE_VIEWED,IMAGING,SUCCESS,Reviewed Fundus capture (ACCEPTABLE).
1138,2026-08-26T19:32:00,Case Reviewer,CASE-0351,REVIEW_SUBMITTED,REVIEW,SUCCESS,Clinical decision recorded: REVIEW_REQUIRED.
1139,2026-07-28T02:52:00,Camp Coordinator,CASE-0352,CASE_CREATED,CASE,SUCCESS,Screening registration opened at Camp-B (Eastern Rural Mobile Clinic).
1140,2026-07-28T07:22:00,Imaging Reviewer,CASE-0352,EVIDENCE_VIEWED,IMAGING,SUCCESS,Reviewed Fundus capture (GOOD).
1141,2026-07-31T23:52:00,Case Reviewer,CASE-0352,REVIEW_SUBMITTED,REVIEW,SUCCESS,Clinical decision recorded: REVIEW_REQUIRED.
1142,2026-07-27T02:44:00,Camp Coordinator,CASE-0353,CASE_CREATED,CASE,SUCCESS,Screening registration opened at Camp-E (Highland Primary Screening).
1143,2026-07-27T06:57:00,Imaging Reviewer,CASE-0353,EVIDENCE_VIEWED,IMAGING,SUCCESS,Reviewed Retinal Image capture (GOOD).
1144,2026-07-29T16:44:00,Case Reviewer,CASE-0353,REVIEW_SUBMITTED,REVIEW,SUCCESS,Clinical decision recorded: CLEAR.
1145,2026-08-05T08:19:00,Camp Coordinator,CASE-0354,CASE_CREATED,CASE,SUCCESS,Screening registration opened at Camp-E (Highland Primary Screening).
1146,2026-08-05T10:00:00,Imaging Reviewer,CASE-0354,EVIDENCE_VIEWED,IMAGING,SUCCESS,Reviewed Retinal Image capture (ACCEPTABLE).
1147,2026-08-07T22:19:00,Case Reviewer,CASE-0354,REVIEW_SUBMITTED,REVIEW,SUCCESS,Clinical decision recorded: CLEAR.
1148,2026-07-25T07:53:00,Camp Coordinator,CASE-0355,CASE_CREATED,CASE,SUCCESS,Screening registration opened at Camp-B (Eastern Rural Mobile Clinic).
1149,2026-07-25T11:11:00,Imaging Reviewer,CASE-0355,EVIDENCE_VIEWED,IMAGING,SUCCESS,Reviewed Retinal Image capture (ACCEPTABLE).
1150,2026-07-28T23:53:00,Case Reviewer,CASE-0355,REVIEW_SUBMITTED,REVIEW,SUCCESS,Clinical decision recorded: INSUFFICIENT_EVIDENCE.
1151,2026-08-13T08:02:00,Camp Coordinator,CASE-0356,CASE_CREATED,CASE,SUCCESS,Screening registration opened at Camp-B (Eastern Rural Mobile Clinic).
1152,2026-08-13T12:46:00,Imaging Reviewer,CASE-0356,EVIDENCE_VIEWED,IMAGING,SUCCESS,Reviewed Fundus capture (ACCEPTABLE).
1153,2026-08-17T02:02:00,Case Reviewer,CASE-0356,REVIEW_SUBMITTED,REVIEW,SUCCESS,Clinical decision recorded: REVIEW_REQUIRED.
1154,2026-08-20T07:37:00,Camp Coordinator,CASE-0357,CASE_CREATED,CASE,SUCCESS,Screening registration opened at Camp-E (Highland Primary Screening).
1155,2026-08-20T09:58:00,Imaging Reviewer,CASE-0357,EVIDENCE_VIEWED,IMAGING,SUCCESS,Reviewed OCT capture (ACCEPTABLE).
1156,2026-08-20T23:37:00,Administrator,CASE-0357,LINEAGE_ERROR_DETECTED,SPECIMEN,FAILED,Lost specimen accession tag for SPEC-0357 during central lab transport.
1157,2026-08-25T05:37:00,Case Reviewer,CASE-0357,REVIEW_SUBMITTED,REVIEW,SUCCESS,Clinical decision recorded: INSUFFICIENT_EVIDENCE.
1158,2026-07-16T04:07:00,Camp Coordinator,CASE-0358,CASE_CREATED,CASE,SUCCESS,Screening registration opened at Camp-C (Hillside Community Outpost).
1159,2026-07-16T07:35:00,Imaging Reviewer,CASE-0358,EVIDENCE_VIEWED,IMAGING,SUCCESS,Reviewed Fundus capture (GOOD).
1160,2026-07-21T01:07:00,Case Reviewer,CASE-0358,CONFLICT_DETECTED,CASE,WARNING,Pathology Severe Abnormality vs Imaging Normal detected by clinical rule engine.
1161,2026-07-21T01:07:00,Case Reviewer,CASE-0358,REVIEW_SUBMITTED,REVIEW,SUCCESS,Clinical decision recorded: REVIEW_REQUIRED.
1162,2026-08-05T06:37:00,Camp Coordinator,CASE-0359,CASE_CREATED,CASE,SUCCESS,Screening registration opened at Camp-B (Eastern Rural Mobile Clinic).
1163,2026-08-05T09:49:00,Imaging Reviewer,CASE-0359,EVIDENCE_VIEWED,IMAGING,SUCCESS,Reviewed Fundus capture (GOOD).
1164,2026-08-09T23:37:00,Case Reviewer,CASE-0359,CONFLICT_DETECTED,CASE,WARNING,Pathology Severe Abnormality vs Imaging Normal detected by clinical rule engine.
1165,2026-08-09T23:37:00,Case Reviewer,CASE-0359,REVIEW_SUBMITTED,REVIEW,SUCCESS,Clinical decision recorded: REVIEW_REQUIRED.
1166,2026-08-26T00:42:00,Camp Coordinator,CASE-0360,CASE_CREATED,CASE,SUCCESS,Screening registration opened at Camp-E (Highland Primary Screening).
1167,2026-08-26T03:59:00,Imaging Reviewer,CASE-0360,EVIDENCE_VIEWED,IMAGING,SUCCESS,Reviewed OCT capture (ACCEPTABLE).
1168,2026-08-29T19:42:00,Case Reviewer,CASE-0360,REVIEW_SUBMITTED,REVIEW,SUCCESS,Clinical decision recorded: REFER.
1169,2026-08-07T08:02:00,Camp Coordinator,CASE-0361,CASE_CREATED,CASE,SUCCESS,Screening registration opened at Camp-E (Highland Primary Screening).
1170,2026-08-07T09:33:00,Imaging Reviewer,CASE-0361,EVIDENCE_VIEWED,IMAGING,SUCCESS,Reviewed Slit Lamp capture (ACCEPTABLE).
1171,2026-08-10T23:02:00,Case Reviewer,CASE-0361,REVIEW_SUBMITTED,REVIEW,SUCCESS,Clinical decision recorded: CLEAR.
1172,2026-07-19T02:45:00,Camp Coordinator,CASE-0362,CASE_CREATED,CASE,SUCCESS,Screening registration opened at Camp-B (Eastern Rural Mobile Clinic).
1173,2026-07-19T03:53:00,Imaging Reviewer,CASE-0362,EVIDENCE_VIEWED,IMAGING,SUCCESS,Reviewed Slit Lamp capture (GOOD).
1174,2026-07-21T23:45:00,Case Reviewer,CASE-0362,REVIEW_SUBMITTED,REVIEW,SUCCESS,Clinical decision recorded: INSUFFICIENT_EVIDENCE.
1175,2026-07-30T00:44:00,Camp Coordinator,CASE-0363,CASE_CREATED,CASE,SUCCESS,Screening registration opened at Camp-E (Highland Primary Screening).
1176,2026-07-30T02:54:00,Imaging Reviewer,CASE-0363,EVIDENCE_VIEWED,IMAGING,SUCCESS,Reviewed Slit Lamp capture (GOOD).
1177,2026-08-02T14:44:00,Case Reviewer,CASE-0363,REVIEW_SUBMITTED,REVIEW,SUCCESS,Clinical decision recorded: REVIEW_REQUIRED.
1178,2026-08-01T07:38:00,Camp Coordinator,CASE-0364,CASE_CREATED,CASE,SUCCESS,Screening registration opened at Camp-B (Eastern Rural Mobile Clinic).
1179,2026-08-01T08:51:00,Imaging Reviewer,CASE-0364,EVIDENCE_VIEWED,IMAGING,SUCCESS,Reviewed OCT capture (GOOD).
1180,2026-08-03T21:38:00,Case Reviewer,CASE-0364,REVIEW_SUBMITTED,REVIEW,SUCCESS,Clinical decision recorded: REFER.
1181,2026-08-03T06:42:00,Camp Coordinator,CASE-0365,CASE_CREATED,CASE,SUCCESS,Screening registration opened at Camp-A (North Valley Health Center).
1182,2026-08-03T08:09:00,Imaging Reviewer,CASE-0365,EVIDENCE_VIEWED,IMAGING,SUCCESS,Reviewed Retinal Image capture (ACCEPTABLE).
1183,2026-08-06T23:42:00,Case Reviewer,CASE-0365,REVIEW_SUBMITTED,REVIEW,SUCCESS,Clinical decision recorded: REVIEW_REQUIRED.
1184,2026-08-25T05:52:00,Camp Coordinator,CASE-0366,CASE_CREATED,CASE,SUCCESS,Screening registration opened at Camp-A (North Valley Health Center).
1185,2026-08-25T08:36:00,Imaging Reviewer,CASE-0366,EVIDENCE_VIEWED,IMAGING,SUCCESS,Reviewed Retinal Image capture (ACCEPTABLE).
1186,2026-08-28T21:52:00,Case Reviewer,CASE-0366,REVIEW_SUBMITTED,REVIEW,SUCCESS,Clinical decision recorded: INSUFFICIENT_EVIDENCE.
1187,2026-07-30T23:29:00,Camp Coordinator,CASE-0367,CASE_CREATED,CASE,SUCCESS,Screening registration opened at Camp-C (Hillside Community Outpost).
1188,2026-07-31T03:03:00,Imaging Reviewer,CASE-0367,EVIDENCE_VIEWED,IMAGING,SUCCESS,Reviewed OCT capture (GOOD).
1189,2026-08-04T12:29:00,Case Reviewer,CASE-0367,REVIEW_SUBMITTED,REVIEW,SUCCESS,Clinical decision recorded: CLEAR.
1190,2026-07-27T04:06:00,Camp Coordinator,CASE-0368,CASE_CREATED,CASE,SUCCESS,Screening registration opened at Camp-B (Eastern Rural Mobile Clinic).
1191,2026-07-27T07:39:00,Imaging Reviewer,CASE-0368,EVIDENCE_VIEWED,IMAGING,SUCCESS,Reviewed Retinal Image capture (GOOD).
1192,2026-08-01T00:06:00,Case Reviewer,CASE-0368,REVIEW_SUBMITTED,REVIEW,SUCCESS,Clinical decision recorded: REFER.
1193,2026-08-23T03:28:00,Camp Coordinator,CASE-0369,CASE_CREATED,CASE,SUCCESS,Screening registration opened at Camp-A (North Valley Health Center).
1194,2026-08-23T08:13:00,Imaging Reviewer,CASE-0369,EVIDENCE_VIEWED,IMAGING,SUCCESS,Reviewed Fundus capture (LOW_QUALITY).
1195,2026-08-23T08:13:00,Imaging Reviewer,CASE-0369,LOW_QUALITY_DETECTED,IMAGING,WARNING,Sub-threshold quality score (47.2/100) triggered automated flag.
1196,2026-08-26T21:28:00,Case Reviewer,CASE-0369,REVIEW_SUBMITTED,REVIEW,SUCCESS,Clinical decision recorded: REVIEW_REQUIRED.
1197,2026-08-05T01:23:00,Camp Coordinator,CASE-0370,CASE_CREATED,CASE,SUCCESS,Screening registration opened at Camp-C (Hillside Community Outpost).
1198,2026-08-05T05:37:00,Imaging Reviewer,CASE-0370,EVIDENCE_VIEWED,IMAGING,SUCCESS,Reviewed Slit Lamp capture (GOOD).
1199,2026-08-08T17:23:00,Case Reviewer,CASE-0370,REVIEW_SUBMITTED,REVIEW,SUCCESS,Clinical decision recorded: REFER.
1200,2026-08-14T00:17:00,Camp Coordinator,CASE-0371,CASE_CREATED,CASE,SUCCESS,Screening registration opened at Camp-E (Highland Primary Screening).
1201,2026-08-14T04:59:00,Imaging Reviewer,CASE-0371,EVIDENCE_VIEWED,IMAGING,SUCCESS,Reviewed Fundus capture (ACCEPTABLE).
1202,2026-08-17T18:17:00,Case Reviewer,CASE-0371,REVIEW_SUBMITTED,REVIEW,SUCCESS,Clinical decision recorded: INSUFFICIENT_EVIDENCE.
1203,2026-08-24T05:43:00,Camp Coordinator,CASE-0372,CASE_CREATED,CASE,SUCCESS,Screening registration opened at Camp-B (Eastern Rural Mobile Clinic).
1204,2026-08-24T10:22:00,Imaging Reviewer,CASE-0372,EVIDENCE_VIEWED,IMAGING,SUCCESS,Reviewed OCT capture (ACCEPTABLE).
1205,2026-08-28T03:43:00,Case Reviewer,CASE-0372,REVIEW_SUBMITTED,REVIEW,SUCCESS,Clinical decision recorded: REVIEW_REQUIRED.
1206,2026-08-31T02:54:00,Camp Coordinator,CASE-0373,CASE_CREATED,CASE,SUCCESS,Screening registration opened at Camp-B (Eastern Rural Mobile Clinic).
1207,2026-08-31T06:02:00,Imaging Reviewer,CASE-0373,EVIDENCE_VIEWED,IMAGING,SUCCESS,Reviewed Retinal Image capture (ACCEPTABLE).
1208,2026-09-03T19:54:00,Case Reviewer,CASE-0373,REVIEW_SUBMITTED,REVIEW,SUCCESS,Clinical decision recorded: CLEAR.
1209,2026-07-30T06:24:00,Camp Coordinator,CASE-0374,CASE_CREATED,CASE,SUCCESS,Screening registration opened at Camp-D (Riverdale Outreach Hub).
1210,2026-07-30T09:29:00,Imaging Reviewer,CASE-0374,EVIDENCE_VIEWED,IMAGING,SUCCESS,Reviewed Retinal Image capture (GOOD).
1211,2026-08-01T21:24:00,Case Reviewer,CASE-0374,REVIEW_SUBMITTED,REVIEW,SUCCESS,Clinical decision recorded: INSUFFICIENT_EVIDENCE.
1212,2026-08-17T00:43:00,Camp Coordinator,CASE-0375,CASE_CREATED,CASE,SUCCESS,Screening registration opened at Camp-E (Highland Primary Screening).
1213,2026-08-17T03:03:00,Imaging Reviewer,CASE-0375,EVIDENCE_VIEWED,IMAGING,SUCCESS,Reviewed OCT capture (GOOD).
1214,2026-08-21T21:43:00,Case Reviewer,CASE-0375,REVIEW_SUBMITTED,REVIEW,SUCCESS,Clinical decision recorded: INSUFFICIENT_EVIDENCE.
1215,2026-07-19T07:30:00,Camp Coordinator,CASE-0376,CASE_CREATED,CASE,SUCCESS,Screening registration opened at Camp-D (Riverdale Outreach Hub).
1216,2026-07-19T11:35:00,Imaging Reviewer,CASE-0376,EVIDENCE_VIEWED,IMAGING,SUCCESS,Reviewed Slit Lamp capture (ACCEPTABLE).
1217,2026-07-22T08:30:00,Case Reviewer,CASE-0376,REVIEW_SUBMITTED,REVIEW,SUCCESS,Clinical decision recorded: REVIEW_REQUIRED.
1218,2026-08-08T00:55:00,Camp Coordinator,CASE-0377,CASE_CREATED,CASE,SUCCESS,Screening registration opened at Camp-B (Eastern Rural Mobile Clinic).
1219,2026-08-08T03:17:00,Imaging Reviewer,CASE-0377,EVIDENCE_VIEWED,IMAGING,SUCCESS,Reviewed Slit Lamp capture (GOOD).
1220,2026-08-11T21:55:00,Case Reviewer,CASE-0377,REVIEW_SUBMITTED,REVIEW,SUCCESS,Clinical decision recorded: REFER.
1221,2026-08-26T01:16:00,Camp Coordinator,CASE-0378,CASE_CREATED,CASE,SUCCESS,Screening registration opened at Camp-D (Riverdale Outreach Hub).
1222,2026-08-26T05:47:00,Imaging Reviewer,CASE-0378,EVIDENCE_VIEWED,IMAGING,SUCCESS,Reviewed Fundus capture (ACCEPTABLE).
1223,2026-08-29T15:16:00,Case Reviewer,CASE-0378,REVIEW_SUBMITTED,REVIEW,SUCCESS,Clinical decision recorded: INSUFFICIENT_EVIDENCE.
1224,2026-07-22T23:24:00,Camp Coordinator,CASE-0379,CASE_CREATED,CASE,SUCCESS,Screening registration opened at Camp-B (Eastern Rural Mobile Clinic).
1225,2026-07-23T01:39:00,Imaging Reviewer,CASE-0379,EVIDENCE_VIEWED,IMAGING,SUCCESS,Reviewed Retinal Image capture (GOOD).
1226,2026-07-23T10:24:00,Administrator,CASE-0379,LINEAGE_ERROR_DETECTED,SPECIMEN,FAILED,Lost specimen accession tag for SPEC-0379 during central lab transport.
1227,2026-07-25T13:24:00,Case Reviewer,CASE-0379,REVIEW_SUBMITTED,REVIEW,SUCCESS,Clinical decision recorded: INSUFFICIENT_EVIDENCE.
1228,2026-07-20T00:28:00,Camp Coordinator,CASE-0380,CASE_CREATED,CASE,SUCCESS,Screening registration opened at Camp-B (Eastern Rural Mobile Clinic).
1229,2026-07-20T02:37:00,Imaging Reviewer,CASE-0380,EVIDENCE_VIEWED,IMAGING,SUCCESS,Reviewed Retinal Image capture (GOOD).
1230,2026-07-23T19:28:00,Case Reviewer,CASE-0380,CONFLICT_DETECTED,CASE,WARNING,Pathology Severe Abnormality vs Imaging Normal detected by clinical rule engine.
1231,2026-07-23T19:28:00,Case Reviewer,CASE-0380,REVIEW_SUBMITTED,REVIEW,SUCCESS,Clinical decision recorded: REVIEW_REQUIRED.
1232,2026-07-29T03:58:00,Camp Coordinator,CASE-0381,CASE_CREATED,CASE,SUCCESS,Screening registration opened at Camp-B (Eastern Rural Mobile Clinic).
1233,2026-07-29T06:21:00,Imaging Reviewer,CASE-0381,EVIDENCE_VIEWED,IMAGING,SUCCESS,Reviewed Fundus capture (GOOD).
1234,2026-08-02T22:58:00,Case Reviewer,CASE-0381,REVIEW_SUBMITTED,REVIEW,SUCCESS,Clinical decision recorded: REVIEW_REQUIRED.
1235,2026-07-21T08:44:00,Camp Coordinator,CASE-0382,CASE_CREATED,CASE,SUCCESS,Screening registration opened at Camp-D (Riverdale Outreach Hub).
1236,2026-07-21T10:24:00,Imaging Reviewer,CASE-0382,EVIDENCE_VIEWED,IMAGING,SUCCESS,Reviewed Retinal Image capture (GOOD).
1237,2026-07-25T05:44:00,Case Reviewer,CASE-0382,REVIEW_SUBMITTED,REVIEW,SUCCESS,Clinical decision recorded: INSUFFICIENT_EVIDENCE.
1238,2026-07-16T08:24:00,Camp Coordinator,CASE-0383,CASE_CREATED,CASE,SUCCESS,Screening registration opened at Camp-D (Riverdale Outreach Hub).
1239,2026-07-16T13:04:00,Imaging Reviewer,CASE-0383,EVIDENCE_VIEWED,IMAGING,SUCCESS,Reviewed OCT capture (ACCEPTABLE).
1240,2026-07-20T20:24:00,Case Reviewer,CASE-0383,REVIEW_SUBMITTED,REVIEW,SUCCESS,Clinical decision recorded: CLEAR.
1241,2026-08-21T04:57:00,Camp Coordinator,CASE-0384,CASE_CREATED,CASE,SUCCESS,Screening registration opened at Camp-C (Hillside Community Outpost).
1242,2026-08-21T06:06:00,Imaging Reviewer,CASE-0384,EVIDENCE_VIEWED,IMAGING,SUCCESS,Reviewed Fundus capture (ACCEPTABLE).
1243,2026-08-25T23:57:00,Case Reviewer,CASE-0384,REVIEW_SUBMITTED,REVIEW,SUCCESS,Clinical decision recorded: INSUFFICIENT_EVIDENCE.
1244,2026-08-15T03:15:00,Camp Coordinator,CASE-0385,CASE_CREATED,CASE,SUCCESS,Screening registration opened at Camp-E (Highland Primary Screening).
1245,2026-08-15T07:37:00,Imaging Reviewer,CASE-0385,EVIDENCE_VIEWED,IMAGING,SUCCESS,Reviewed Fundus capture (ACCEPTABLE).
1246,2026-08-19T18:15:00,Case Reviewer,CASE-0385,REVIEW_SUBMITTED,REVIEW,SUCCESS,Clinical decision recorded: REVIEW_REQUIRED.
1247,2026-07-26T02:40:00,Camp Coordinator,CASE-0386,CASE_CREATED,CASE,SUCCESS,Screening registration opened at Camp-A (North Valley Health Center).
1248,2026-07-26T07:09:00,Imaging Reviewer,CASE-0386,EVIDENCE_VIEWED,IMAGING,SUCCESS,Reviewed Retinal Image capture (GOOD).
1249,2026-07-28T20:40:00,Case Reviewer,CASE-0386,CONFLICT_DETECTED,CASE,WARNING,Pathology Severe Abnormality vs Imaging Normal detected by clinical rule engine.
1250,2026-07-28T20:40:00,Case Reviewer,CASE-0386,REVIEW_SUBMITTED,REVIEW,SUCCESS,Clinical decision recorded: REVIEW_REQUIRED.
1251,2026-08-19T08:38:00,Camp Coordinator,CASE-0387,CASE_CREATED,CASE,SUCCESS,Screening registration opened at Camp-E (Highland Primary Screening).
1252,2026-08-19T12:17:00,Imaging Reviewer,CASE-0387,EVIDENCE_VIEWED,IMAGING,SUCCESS,Reviewed Retinal Image capture (ACCEPTABLE).
1253,2026-08-23T22:38:00,Case Reviewer,CASE-0387,REVIEW_SUBMITTED,REVIEW,SUCCESS,Clinical decision recorded: INSUFFICIENT_EVIDENCE.
1254,2026-08-15T03:42:00,Camp Coordinator,CASE-0388,CASE_CREATED,CASE,SUCCESS,Screening registration opened at Camp-C (Hillside Community Outpost).
1255,2026-08-15T06:58:00,Imaging Reviewer,CASE-0388,EVIDENCE_VIEWED,IMAGING,SUCCESS,Reviewed Retinal Image capture (GOOD).
1256,2026-08-19T23:42:00,Case Reviewer,CASE-0388,REVIEW_SUBMITTED,REVIEW,SUCCESS,Clinical decision recorded: REVIEW_REQUIRED.
1257,2026-08-16T04:43:00,Camp Coordinator,CASE-0389,CASE_CREATED,CASE,SUCCESS,Screening registration opened at Camp-D (Riverdale Outreach Hub).
1258,2026-08-16T06:02:00,Imaging Reviewer,CASE-0389,EVIDENCE_VIEWED,IMAGING,SUCCESS,Reviewed Fundus capture (LOW_QUALITY).
1259,2026-08-16T06:02:00,Imaging Reviewer,CASE-0389,LOW_QUALITY_DETECTED,IMAGING,WARNING,Sub-threshold quality score (40.1/100) triggered automated flag.
1260,2026-08-20T18:43:00,Case Reviewer,CASE-0389,REVIEW_SUBMITTED,REVIEW,SUCCESS,Clinical decision recorded: REVIEW_REQUIRED.
1261,2026-07-25T05:37:00,Camp Coordinator,CASE-0390,CASE_CREATED,CASE,SUCCESS,Screening registration opened at Camp-A (North Valley Health Center).
1262,2026-07-25T09:18:00,Imaging Reviewer,CASE-0390,EVIDENCE_VIEWED,IMAGING,SUCCESS,Reviewed Slit Lamp capture (GOOD).
1263,2026-07-28T20:37:00,Case Reviewer,CASE-0390,REVIEW_SUBMITTED,REVIEW,SUCCESS,Clinical decision recorded: REFER.
1264,2026-08-14T06:01:00,Camp Coordinator,CASE-0391,CASE_CREATED,CASE,SUCCESS,Screening registration opened at Camp-E (Highland Primary Screening).
1265,2026-08-14T09:19:00,Imaging Reviewer,CASE-0391,EVIDENCE_VIEWED,IMAGING,SUCCESS,Reviewed Retinal Image capture (LOW_QUALITY).
1266,2026-08-14T09:19:00,Imaging Reviewer,CASE-0391,LOW_QUALITY_DETECTED,IMAGING,WARNING,Sub-threshold quality score (44.1/100) triggered automated flag.
1267,2026-08-18T21:01:00,Case Reviewer,CASE-0391,REVIEW_SUBMITTED,REVIEW,SUCCESS,Clinical decision recorded: REVIEW_REQUIRED.
1268,2026-07-21T00:26:00,Camp Coordinator,CASE-0392,CASE_CREATED,CASE,SUCCESS,Screening registration opened at Camp-D (Riverdale Outreach Hub).
1269,2026-07-21T02:52:00,Imaging Reviewer,CASE-0392,EVIDENCE_VIEWED,IMAGING,SUCCESS,Reviewed OCT capture (GOOD).
1270,2026-07-25T17:26:00,Case Reviewer,CASE-0392,REVIEW_SUBMITTED,REVIEW,SUCCESS,Clinical decision recorded: REFER.
1271,2026-08-06T05:23:00,Camp Coordinator,CASE-0393,CASE_CREATED,CASE,SUCCESS,Screening registration opened at Camp-B (Eastern Rural Mobile Clinic).
1272,2026-08-06T08:46:00,Imaging Reviewer,CASE-0393,EVIDENCE_VIEWED,IMAGING,SUCCESS,Reviewed Slit Lamp capture (ACCEPTABLE).
1273,2026-08-08T22:23:00,Case Reviewer,CASE-0393,REVIEW_SUBMITTED,REVIEW,SUCCESS,Clinical decision recorded: REFER.
1274,2026-08-24T00:04:00,Camp Coordinator,CASE-0394,CASE_CREATED,CASE,SUCCESS,Screening registration opened at Camp-E (Highland Primary Screening).
1275,2026-08-24T02:27:00,Imaging Reviewer,CASE-0394,EVIDENCE_VIEWED,IMAGING,SUCCESS,Reviewed Fundus capture (ACCEPTABLE).
1276,2026-08-27T16:04:00,Case Reviewer,CASE-0394,REVIEW_SUBMITTED,REVIEW,SUCCESS,Clinical decision recorded: INSUFFICIENT_EVIDENCE.
1277,2026-07-15T01:15:00,Camp Coordinator,CASE-0395,CASE_CREATED,CASE,SUCCESS,Screening registration opened at Camp-B (Eastern Rural Mobile Clinic).
1278,2026-07-15T04:49:00,Imaging Reviewer,CASE-0395,EVIDENCE_VIEWED,IMAGING,SUCCESS,Reviewed Retinal Image capture (ACCEPTABLE).
1279,2026-07-19T15:15:00,Case Reviewer,CASE-0395,REVIEW_SUBMITTED,REVIEW,SUCCESS,Clinical decision recorded: CLEAR.
1280,2026-07-16T05:32:00,Camp Coordinator,CASE-0396,CASE_CREATED,CASE,SUCCESS,Screening registration opened at Camp-E (Highland Primary Screening).
1281,2026-07-16T08:54:00,Imaging Reviewer,CASE-0396,EVIDENCE_VIEWED,IMAGING,SUCCESS,Reviewed Retinal Image capture (GOOD).
1282,2026-07-20T20:32:00,Case Reviewer,CASE-0396,REVIEW_SUBMITTED,REVIEW,SUCCESS,Clinical decision recorded: REVIEW_REQUIRED.
1283,2026-08-31T03:46:00,Camp Coordinator,CASE-0397,CASE_CREATED,CASE,SUCCESS,Screening registration opened at Camp-C (Hillside Community Outpost).
1284,2026-08-31T06:58:00,Imaging Reviewer,CASE-0397,EVIDENCE_VIEWED,IMAGING,SUCCESS,Reviewed Fundus capture (GOOD).
1285,2026-09-04T16:46:00,Case Reviewer,CASE-0397,REVIEW_SUBMITTED,REVIEW,SUCCESS,Clinical decision recorded: CLEAR.
1286,2026-07-18T00:39:00,Camp Coordinator,CASE-0398,CASE_CREATED,CASE,SUCCESS,Screening registration opened at Camp-B (Eastern Rural Mobile Clinic).
1287,2026-07-18T04:58:00,Imaging Reviewer,CASE-0398,EVIDENCE_VIEWED,IMAGING,SUCCESS,Reviewed OCT capture (ACCEPTABLE).
1288,2026-07-22T14:39:00,Case Reviewer,CASE-0398,REVIEW_SUBMITTED,REVIEW,SUCCESS,Clinical decision recorded: CLEAR.
1289,2026-08-15T23:35:00,Camp Coordinator,CASE-0399,CASE_CREATED,CASE,SUCCESS,Screening registration opened at Camp-E (Highland Primary Screening).
1290,2026-08-16T02:54:00,Imaging Reviewer,CASE-0399,EVIDENCE_VIEWED,IMAGING,SUCCESS,Reviewed Slit Lamp capture (GOOD).
1291,2026-08-19T14:35:00,Case Reviewer,CASE-0399,REVIEW_SUBMITTED,REVIEW,SUCCESS,Clinical decision recorded: INSUFFICIENT_EVIDENCE.
1292,2026-07-21T07:37:00,Camp Coordinator,CASE-0400,CASE_CREATED,CASE,SUCCESS,Screening registration opened at Camp-D (Riverdale Outreach Hub).
1293,2026-07-21T09:00:00,Imaging Reviewer,CASE-0400,EVIDENCE_VIEWED,IMAGING,SUCCESS,Reviewed Slit Lamp capture (GOOD).
1294,2026-07-25T01:37:00,Case Reviewer,CASE-0400,REVIEW_SUBMITTED,REVIEW,SUCCESS,Clinical decision recorded: REVIEW_REQUIRED.
1295,2026-08-17T23:03:00,Camp Coordinator,CASE-0401,CASE_CREATED,CASE,SUCCESS,Screening registration opened at Camp-B (Eastern Rural Mobile Clinic).
1296,2026-08-18T02:16:00,Imaging Reviewer,CASE-0401,EVIDENCE_VIEWED,IMAGING,SUCCESS,Reviewed Fundus capture (GOOD).
1297,2026-08-20T13:03:00,Case Reviewer,CASE-0401,REVIEW_SUBMITTED,REVIEW,SUCCESS,Clinical decision recorded: INSUFFICIENT_EVIDENCE.
1298,2026-07-29T02:04:00,Camp Coordinator,CASE-0402,CASE_CREATED,CASE,SUCCESS,Screening registration opened at Camp-B (Eastern Rural Mobile Clinic).
1299,2026-07-29T04:09:00,Imaging Reviewer,CASE-0402,EVIDENCE_VIEWED,IMAGING,SUCCESS,Reviewed Fundus capture (GOOD).
1300,2026-07-31T18:04:00,Case Reviewer,CASE-0402,REVIEW_SUBMITTED,REVIEW,SUCCESS,Clinical decision recorded: REVIEW_REQUIRED.
1301,2026-08-24T04:04:00,Camp Coordinator,CASE-0403,CASE_CREATED,CASE,SUCCESS,Screening registration opened at Camp-A (North Valley Health Center).
1302,2026-08-24T08:10:00,Imaging Reviewer,CASE-0403,EVIDENCE_VIEWED,IMAGING,SUCCESS,Reviewed Fundus capture (GOOD).
1303,2026-08-29T03:04:00,Case Reviewer,CASE-0403,REVIEW_SUBMITTED,REVIEW,SUCCESS,Clinical decision recorded: INSUFFICIENT_EVIDENCE.
1304,2026-08-05T07:45:00,Camp Coordinator,CASE-0404,CASE_CREATED,CASE,SUCCESS,Screening registration opened at Camp-D (Riverdale Outreach Hub).
1305,2026-08-05T10:14:00,Imaging Reviewer,CASE-0404,EVIDENCE_VIEWED,IMAGING,SUCCESS,Reviewed Fundus capture (GOOD).
1306,2026-08-09T03:45:00,Case Reviewer,CASE-0404,REVIEW_SUBMITTED,REVIEW,SUCCESS,Clinical decision recorded: REVIEW_REQUIRED.
1307,2026-07-23T07:53:00,Camp Coordinator,CASE-0405,CASE_CREATED,CASE,SUCCESS,Screening registration opened at Camp-E (Highland Primary Screening).
1308,2026-07-23T12:37:00,Imaging Reviewer,CASE-0405,EVIDENCE_VIEWED,IMAGING,SUCCESS,Reviewed Retinal Image capture (GOOD).
1309,2026-07-26T04:53:00,Case Reviewer,CASE-0405,REVIEW_SUBMITTED,REVIEW,SUCCESS,Clinical decision recorded: INSUFFICIENT_EVIDENCE.
1310,2026-07-22T05:39:00,Camp Coordinator,CASE-0406,CASE_CREATED,CASE,SUCCESS,Screening registration opened at Camp-D (Riverdale Outreach Hub).
1311,2026-07-22T07:44:00,Imaging Reviewer,CASE-0406,EVIDENCE_VIEWED,IMAGING,SUCCESS,Reviewed OCT capture (GOOD).
1312,2026-07-22T19:39:00,Administrator,CASE-0406,LINEAGE_ERROR_DETECTED,SPECIMEN,FAILED,Lost specimen accession tag for SPEC-0406 during central lab transport.
1313,2026-07-25T23:39:00,Case Reviewer,CASE-0406,REVIEW_SUBMITTED,REVIEW,SUCCESS,Clinical decision recorded: INSUFFICIENT_EVIDENCE.
1314,2026-07-30T03:20:00,Camp Coordinator,CASE-0407,CASE_CREATED,CASE,SUCCESS,Screening registration opened at Camp-C (Hillside Community Outpost).
1315,2026-07-30T06:58:00,Imaging Reviewer,CASE-0407,EVIDENCE_VIEWED,IMAGING,SUCCESS,Reviewed Slit Lamp capture (GOOD).
1316,2026-08-01T20:20:00,Case Reviewer,CASE-0407,REVIEW_SUBMITTED,REVIEW,SUCCESS,Clinical decision recorded: REVIEW_REQUIRED.
1317,2026-07-29T01:38:00,Camp Coordinator,CASE-0408,CASE_CREATED,CASE,SUCCESS,Screening registration opened at Camp-A (North Valley Health Center).
1318,2026-07-29T04:05:00,Imaging Reviewer,CASE-0408,EVIDENCE_VIEWED,IMAGING,SUCCESS,Reviewed Fundus capture (LOW_QUALITY).
1319,2026-07-29T04:05:00,Imaging Reviewer,CASE-0408,LOW_QUALITY_DETECTED,IMAGING,WARNING,Sub-threshold quality score (46.3/100) triggered automated flag.
1320,2026-08-02T20:38:00,Case Reviewer,CASE-0408,REVIEW_SUBMITTED,REVIEW,SUCCESS,Clinical decision recorded: REVIEW_REQUIRED.
1321,2026-08-15T06:43:00,Camp Coordinator,CASE-0409,CASE_CREATED,CASE,SUCCESS,Screening registration opened at Camp-E (Highland Primary Screening).
1322,2026-08-15T10:24:00,Imaging Reviewer,CASE-0409,EVIDENCE_VIEWED,IMAGING,SUCCESS,Reviewed Slit Lamp capture (GOOD).
1323,2026-08-19T02:43:00,Case Reviewer,CASE-0409,REVIEW_SUBMITTED,REVIEW,SUCCESS,Clinical decision recorded: REVIEW_REQUIRED.
1324,2026-07-15T07:44:00,Camp Coordinator,CASE-0410,CASE_CREATED,CASE,SUCCESS,Screening registration opened at Camp-E (Highland Primary Screening).
1325,2026-07-15T11:22:00,Imaging Reviewer,CASE-0410,EVIDENCE_VIEWED,IMAGING,SUCCESS,Reviewed Fundus capture (GOOD).
1326,2026-07-20T06:44:00,Case Reviewer,CASE-0410,REVIEW_SUBMITTED,REVIEW,SUCCESS,Clinical decision recorded: INSUFFICIENT_EVIDENCE.
1327,2026-08-10T02:46:00,Camp Coordinator,CASE-0411,CASE_CREATED,CASE,SUCCESS,Screening registration opened at Camp-E (Highland Primary Screening).
1328,2026-08-10T04:03:00,Imaging Reviewer,CASE-0411,EVIDENCE_VIEWED,IMAGING,SUCCESS,Reviewed Retinal Image capture (GOOD).
1329,2026-08-14T21:46:00,Case Reviewer,CASE-0411,CONFLICT_DETECTED,CASE,WARNING,Pathology Severe Abnormality vs Imaging Normal detected by clinical rule engine.
1330,2026-08-14T21:46:00,Case Reviewer,CASE-0411,REVIEW_SUBMITTED,REVIEW,SUCCESS,Clinical decision recorded: REVIEW_REQUIRED.
1331,2026-08-15T08:23:00,Camp Coordinator,CASE-0412,CASE_CREATED,CASE,SUCCESS,Screening registration opened at Camp-A (North Valley Health Center).
1332,2026-08-15T09:30:00,Imaging Reviewer,CASE-0412,EVIDENCE_VIEWED,IMAGING,SUCCESS,Reviewed Slit Lamp capture (LOW_QUALITY).
1333,2026-08-15T09:30:00,Imaging Reviewer,CASE-0412,LOW_QUALITY_DETECTED,IMAGING,WARNING,Sub-threshold quality score (25.7/100) triggered automated flag.
1334,2026-08-18T04:23:00,Case Reviewer,CASE-0412,REVIEW_SUBMITTED,REVIEW,SUCCESS,Clinical decision recorded: REVIEW_REQUIRED.
1335,2026-07-16T08:38:00,Camp Coordinator,CASE-0413,CASE_CREATED,CASE,SUCCESS,Screening registration opened at Camp-C (Hillside Community Outpost).
1336,2026-07-16T12:46:00,Imaging Reviewer,CASE-0413,EVIDENCE_VIEWED,IMAGING,SUCCESS,Reviewed Fundus capture (ACCEPTABLE).
1337,2026-07-19T00:38:00,Case Reviewer,CASE-0413,REVIEW_SUBMITTED,REVIEW,SUCCESS,Clinical decision recorded: INSUFFICIENT_EVIDENCE.
1338,2026-08-13T04:24:00,Camp Coordinator,CASE-0414,CASE_CREATED,CASE,SUCCESS,Screening registration opened at Camp-C (Hillside Community Outpost).
1339,2026-08-13T08:34:00,Imaging Reviewer,CASE-0414,EVIDENCE_VIEWED,IMAGING,SUCCESS,Reviewed Fundus capture (GOOD).
1340,2026-08-17T14:24:00,Case Reviewer,CASE-0414,REVIEW_SUBMITTED,REVIEW,SUCCESS,Clinical decision recorded: REVIEW_REQUIRED.
1341,2026-07-18T04:48:00,Camp Coordinator,CASE-0415,CASE_CREATED,CASE,SUCCESS,Screening registration opened at Camp-C (Hillside Community Outpost).
1342,2026-07-18T07:04:00,Imaging Reviewer,CASE-0415,EVIDENCE_VIEWED,IMAGING,SUCCESS,Reviewed Slit Lamp capture (LOW_QUALITY).
1343,2026-07-18T07:04:00,Imaging Reviewer,CASE-0415,LOW_QUALITY_DETECTED,IMAGING,WARNING,Sub-threshold quality score (31.0/100) triggered automated flag.
1344,2026-07-22T03:48:00,Case Reviewer,CASE-0415,REVIEW_SUBMITTED,REVIEW,SUCCESS,Clinical decision recorded: REVIEW_REQUIRED.
1345,2026-07-27T05:15:00,Camp Coordinator,CASE-0416,CASE_CREATED,CASE,SUCCESS,Screening registration opened at Camp-D (Riverdale Outreach Hub).
1346,2026-07-27T08:25:00,Imaging Reviewer,CASE-0416,EVIDENCE_VIEWED,IMAGING,SUCCESS,Reviewed OCT capture (ACCEPTABLE).
1347,2026-08-01T01:15:00,Case Reviewer,CASE-0416,REVIEW_SUBMITTED,REVIEW,SUCCESS,Clinical decision recorded: REVIEW_REQUIRED.
1348,2026-08-06T01:38:00,Camp Coordinator,CASE-0417,CASE_CREATED,CASE,SUCCESS,Screening registration opened at Camp-C (Hillside Community Outpost).
1349,2026-08-06T03:44:00,Imaging Reviewer,CASE-0417,EVIDENCE_VIEWED,IMAGING,SUCCESS,Reviewed Retinal Image capture (GOOD).
1350,2026-08-09T17:38:00,Case Reviewer,CASE-0417,REVIEW_SUBMITTED,REVIEW,SUCCESS,Clinical decision recorded: REVIEW_REQUIRED.
1351,2026-08-06T02:10:00,Camp Coordinator,CASE-0418,CASE_CREATED,CASE,SUCCESS,Screening registration opened at Camp-C (Hillside Community Outpost).
1352,2026-08-06T05:53:00,Imaging Reviewer,CASE-0418,EVIDENCE_VIEWED,IMAGING,SUCCESS,Reviewed OCT capture (GOOD).
1353,2026-08-09T18:10:00,Case Reviewer,CASE-0418,REVIEW_SUBMITTED,REVIEW,SUCCESS,Clinical decision recorded: INSUFFICIENT_EVIDENCE.
1354,2026-09-01T06:47:00,Camp Coordinator,CASE-0419,CASE_CREATED,CASE,SUCCESS,Screening registration opened at Camp-B (Eastern Rural Mobile Clinic).
1355,2026-09-01T10:57:00,Imaging Reviewer,CASE-0419,EVIDENCE_VIEWED,IMAGING,SUCCESS,Reviewed OCT capture (LOW_QUALITY).
1356,2026-09-01T10:57:00,Imaging Reviewer,CASE-0419,LOW_QUALITY_DETECTED,IMAGING,WARNING,Sub-threshold quality score (28.5/100) triggered automated flag.
1357,2026-09-06T01:47:00,Case Reviewer,CASE-0419,REVIEW_SUBMITTED,REVIEW,SUCCESS,Clinical decision recorded: REVIEW_REQUIRED.
1358,2026-08-12T06:34:00,Camp Coordinator,CASE-0420,CASE_CREATED,CASE,SUCCESS,Screening registration opened at Camp-C (Hillside Community Outpost).
1359,2026-08-12T11:16:00,Imaging Reviewer,CASE-0420,EVIDENCE_VIEWED,IMAGING,SUCCESS,Reviewed Fundus capture (GOOD).
1360,2026-08-15T02:34:00,Case Reviewer,CASE-0420,CONFLICT_DETECTED,CASE,WARNING,Pathology Severe Abnormality vs Imaging Normal detected by clinical rule engine.
1361,2026-08-15T02:34:00,Case Reviewer,CASE-0420,REVIEW_SUBMITTED,REVIEW,SUCCESS,Clinical decision recorded: REVIEW_REQUIRED.
1362,2026-08-20T08:46:00,Camp Coordinator,CASE-0421,CASE_CREATED,CASE,SUCCESS,Screening registration opened at Camp-C (Hillside Community Outpost).
1363,2026-08-20T11:09:00,Imaging Reviewer,CASE-0421,EVIDENCE_VIEWED,IMAGING,SUCCESS,Reviewed Slit Lamp capture (GOOD).
1364,2026-08-24T09:46:00,Case Reviewer,CASE-0421,CONFLICT_DETECTED,CASE,WARNING,Pathology Severe Abnormality vs Imaging Normal detected by clinical rule engine.
1365,2026-08-24T09:46:00,Case Reviewer,CASE-0421,REVIEW_SUBMITTED,REVIEW,SUCCESS,Clinical decision recorded: REVIEW_REQUIRED.
1366,2026-09-01T06:39:00,Camp Coordinator,CASE-0422,CASE_CREATED,CASE,SUCCESS,Screening registration opened at Camp-B (Eastern Rural Mobile Clinic).
1367,2026-09-01T11:11:00,Imaging Reviewer,CASE-0422,EVIDENCE_VIEWED,IMAGING,SUCCESS,Reviewed Fundus capture (ACCEPTABLE).
1368,2026-09-01T22:39:00,Administrator,CASE-0422,LINEAGE_ERROR_DETECTED,SPECIMEN,FAILED,Lost specimen accession tag for SPEC-0422 during central lab transport.
1369,2026-09-05T03:39:00,Case Reviewer,CASE-0422,REVIEW_SUBMITTED,REVIEW,SUCCESS,Clinical decision recorded: INSUFFICIENT_EVIDENCE.
1370,2026-07-20T07:50:00,Camp Coordinator,CASE-0423,CASE_CREATED,CASE,SUCCESS,Screening registration opened at Camp-A (North Valley Health Center).
1371,2026-07-20T12:22:00,Imaging Reviewer,CASE-0423,EVIDENCE_VIEWED,IMAGING,SUCCESS,Reviewed Fundus capture (GOOD).
1372,2026-07-25T02:50:00,Case Reviewer,CASE-0423,REVIEW_SUBMITTED,REVIEW,SUCCESS,Clinical decision recorded: CLEAR.
1373,2026-08-10T08:25:00,Camp Coordinator,CASE-0424,CASE_CREATED,CASE,SUCCESS,Screening registration opened at Camp-D (Riverdale Outreach Hub).
1374,2026-08-10T11:10:00,Imaging Reviewer,CASE-0424,EVIDENCE_VIEWED,IMAGING,SUCCESS,Reviewed Retinal Image capture (ACCEPTABLE).
1375,2026-08-13T10:25:00,Case Reviewer,CASE-0424,REVIEW_SUBMITTED,REVIEW,SUCCESS,Clinical decision recorded: CLEAR.
1376,2026-07-23T04:32:00,Camp Coordinator,CASE-0425,CASE_CREATED,CASE,SUCCESS,Screening registration opened at Camp-D (Riverdale Outreach Hub).
1377,2026-07-23T06:04:00,Imaging Reviewer,CASE-0425,EVIDENCE_VIEWED,IMAGING,SUCCESS,Reviewed Fundus capture (GOOD).
1378,2026-07-27T00:32:00,Case Reviewer,CASE-0425,REVIEW_SUBMITTED,REVIEW,SUCCESS,Clinical decision recorded: REFER.
1379,2026-08-15T08:33:00,Camp Coordinator,CASE-0426,CASE_CREATED,CASE,SUCCESS,Screening registration opened at Camp-B (Eastern Rural Mobile Clinic).
1380,2026-08-15T11:44:00,Imaging Reviewer,CASE-0426,EVIDENCE_VIEWED,IMAGING,SUCCESS,Reviewed OCT capture (ACCEPTABLE).
1381,2026-08-19T08:33:00,Case Reviewer,CASE-0426,REVIEW_SUBMITTED,REVIEW,SUCCESS,Clinical decision recorded: INSUFFICIENT_EVIDENCE.
1382,2026-09-01T03:38:00,Camp Coordinator,CASE-0427,CASE_CREATED,CASE,SUCCESS,Screening registration opened at Camp-C (Hillside Community Outpost).
1383,2026-09-01T06:17:00,Imaging Reviewer,CASE-0427,EVIDENCE_VIEWED,IMAGING,SUCCESS,Reviewed OCT capture (GOOD).
1384,2026-09-01T19:38:00,Administrator,CASE-0427,LINEAGE_ERROR_DETECTED,SPECIMEN,FAILED,Lost specimen accession tag for SPEC-0427 during central lab transport.
1385,2026-09-06T00:38:00,Case Reviewer,CASE-0427,REVIEW_SUBMITTED,REVIEW,SUCCESS,Clinical decision recorded: INSUFFICIENT_EVIDENCE.
1386,2026-08-31T06:20:00,Camp Coordinator,CASE-0428,CASE_CREATED,CASE,SUCCESS,Screening registration opened at Camp-E (Highland Primary Screening).
1387,2026-08-31T07:43:00,Imaging Reviewer,CASE-0428,EVIDENCE_VIEWED,IMAGING,SUCCESS,Reviewed Retinal Image capture (GOOD).
1388,2026-08-31T18:20:00,Administrator,CASE-0428,LINEAGE_ERROR_DETECTED,SPECIMEN,FAILED,Lost specimen accession tag for SPEC-0428 during central lab transport.
1389,2026-09-03T23:20:00,Case Reviewer,CASE-0428,REVIEW_SUBMITTED,REVIEW,SUCCESS,Clinical decision recorded: INSUFFICIENT_EVIDENCE.
1390,2026-08-10T05:33:00,Camp Coordinator,CASE-0429,CASE_CREATED,CASE,SUCCESS,Screening registration opened at Camp-E (Highland Primary Screening).
1391,2026-08-10T09:10:00,Imaging Reviewer,CASE-0429,EVIDENCE_VIEWED,IMAGING,SUCCESS,Reviewed Retinal Image capture (ACCEPTABLE).
1392,2026-08-15T00:33:00,Case Reviewer,CASE-0429,REVIEW_SUBMITTED,REVIEW,SUCCESS,Clinical decision recorded: INSUFFICIENT_EVIDENCE.
1393,2026-08-06T05:19:00,Camp Coordinator,CASE-0430,CASE_CREATED,CASE,SUCCESS,Screening registration opened at Camp-A (North Valley Health Center).
1394,2026-08-06T07:02:00,Imaging Reviewer,CASE-0430,EVIDENCE_VIEWED,IMAGING,SUCCESS,Reviewed Retinal Image capture (GOOD).
1395,2026-08-11T01:19:00,Case Reviewer,CASE-0430,REVIEW_SUBMITTED,REVIEW,SUCCESS,Clinical decision recorded: REFER.
1396,2026-08-14T07:02:00,Camp Coordinator,CASE-0431,CASE_CREATED,CASE,SUCCESS,Screening registration opened at Camp-A (North Valley Health Center).
1397,2026-08-14T09:18:00,Imaging Reviewer,CASE-0431,EVIDENCE_VIEWED,IMAGING,SUCCESS,Reviewed Retinal Image capture (LOW_QUALITY).
1398,2026-08-14T09:18:00,Imaging Reviewer,CASE-0431,LOW_QUALITY_DETECTED,IMAGING,WARNING,Sub-threshold quality score (36.5/100) triggered automated flag.
1399,2026-08-17T02:02:00,Case Reviewer,CASE-0431,REVIEW_SUBMITTED,REVIEW,SUCCESS,Clinical decision recorded: REVIEW_REQUIRED.
1400,2026-07-18T00:52:00,Camp Coordinator,CASE-0432,CASE_CREATED,CASE,SUCCESS,Screening registration opened at Camp-E (Highland Primary Screening).
1401,2026-07-18T04:22:00,Imaging Reviewer,CASE-0432,EVIDENCE_VIEWED,IMAGING,SUCCESS,Reviewed Fundus capture (ACCEPTABLE).
1402,2026-07-21T16:52:00,Case Reviewer,CASE-0432,REVIEW_SUBMITTED,REVIEW,SUCCESS,Clinical decision recorded: CLEAR.
1403,2026-07-19T07:30:00,Camp Coordinator,CASE-0433,CASE_CREATED,CASE,SUCCESS,Screening registration opened at Camp-D (Riverdale Outreach Hub).
1404,2026-07-19T11:51:00,Imaging Reviewer,CASE-0433,EVIDENCE_VIEWED,IMAGING,SUCCESS,Reviewed Slit Lamp capture (GOOD).
1405,2026-07-23T23:30:00,Case Reviewer,CASE-0433,REVIEW_SUBMITTED,REVIEW,SUCCESS,Clinical decision recorded: REVIEW_REQUIRED.
1406,2026-08-22T23:41:00,Camp Coordinator,CASE-0434,CASE_CREATED,CASE,SUCCESS,Screening registration opened at Camp-D (Riverdale Outreach Hub).
1407,2026-08-23T02:23:00,Imaging Reviewer,CASE-0434,EVIDENCE_VIEWED,IMAGING,SUCCESS,Reviewed Fundus capture (ACCEPTABLE).
1408,2026-08-27T22:41:00,Case Reviewer,CASE-0434,REVIEW_SUBMITTED,REVIEW,SUCCESS,Clinical decision recorded: INSUFFICIENT_EVIDENCE.
1409,2026-08-28T03:45:00,Camp Coordinator,CASE-0435,CASE_CREATED,CASE,SUCCESS,Screening registration opened at Camp-C (Hillside Community Outpost).
1410,2026-08-28T05:02:00,Imaging Reviewer,CASE-0435,EVIDENCE_VIEWED,IMAGING,SUCCESS,Reviewed Slit Lamp capture (GOOD).
1411,2026-09-01T19:45:00,Case Reviewer,CASE-0435,REVIEW_SUBMITTED,REVIEW,SUCCESS,Clinical decision recorded: REVIEW_REQUIRED.
1412,2026-07-27T00:44:00,Camp Coordinator,CASE-0436,CASE_CREATED,CASE,SUCCESS,Screening registration opened at Camp-B (Eastern Rural Mobile Clinic).
1413,2026-07-27T05:00:00,Imaging Reviewer,CASE-0436,EVIDENCE_VIEWED,IMAGING,SUCCESS,Reviewed Fundus capture (GOOD).
1414,2026-07-29T17:44:00,Case Reviewer,CASE-0436,REVIEW_SUBMITTED,REVIEW,SUCCESS,Clinical decision recorded: REFER.
1415,2026-08-04T07:29:00,Camp Coordinator,CASE-0437,CASE_CREATED,CASE,SUCCESS,Screening registration opened at Camp-B (Eastern Rural Mobile Clinic).
1416,2026-08-04T11:41:00,Imaging Reviewer,CASE-0437,EVIDENCE_VIEWED,IMAGING,SUCCESS,Reviewed Retinal Image capture (GOOD).
1417,2026-08-08T06:29:00,Case Reviewer,CASE-0437,REVIEW_SUBMITTED,REVIEW,SUCCESS,Clinical decision recorded: REVIEW_REQUIRED.
1418,2026-08-25T06:28:00,Camp Coordinator,CASE-0438,CASE_CREATED,CASE,SUCCESS,Screening registration opened at Camp-A (North Valley Health Center).
1419,2026-08-25T10:52:00,Imaging Reviewer,CASE-0438,EVIDENCE_VIEWED,IMAGING,SUCCESS,Reviewed Fundus capture (LOW_QUALITY).
1420,2026-08-25T10:52:00,Imaging Reviewer,CASE-0438,LOW_QUALITY_DETECTED,IMAGING,WARNING,Sub-threshold quality score (46.3/100) triggered automated flag.
1421,2026-08-29T19:28:00,Case Reviewer,CASE-0438,REVIEW_SUBMITTED,REVIEW,SUCCESS,Clinical decision recorded: REVIEW_REQUIRED.
1422,2026-08-12T06:47:00,Camp Coordinator,CASE-0439,CASE_CREATED,CASE,SUCCESS,Screening registration opened at Camp-D (Riverdale Outreach Hub).
1423,2026-08-12T11:30:00,Imaging Reviewer,CASE-0439,EVIDENCE_VIEWED,IMAGING,SUCCESS,Reviewed Retinal Image capture (GOOD).
1424,2026-08-16T02:47:00,Case Reviewer,CASE-0439,REVIEW_SUBMITTED,REVIEW,SUCCESS,Clinical decision recorded: REVIEW_REQUIRED.
1425,2026-08-24T01:10:00,Camp Coordinator,CASE-0440,CASE_CREATED,CASE,SUCCESS,Screening registration opened at Camp-C (Hillside Community Outpost).
1426,2026-08-24T04:16:00,Imaging Reviewer,CASE-0440,EVIDENCE_VIEWED,IMAGING,SUCCESS,Reviewed Slit Lamp capture (ACCEPTABLE).
1427,2026-08-26T18:10:00,Case Reviewer,CASE-0440,REVIEW_SUBMITTED,REVIEW,SUCCESS,Clinical decision recorded: REFER.
1428,2026-07-24T23:35:00,Camp Coordinator,CASE-0441,CASE_CREATED,CASE,SUCCESS,Screening registration opened at Camp-A (North Valley Health Center).
1429,2026-07-25T03:58:00,Imaging Reviewer,CASE-0441,EVIDENCE_VIEWED,IMAGING,SUCCESS,Reviewed Fundus capture (GOOD).
1430,2026-07-27T19:35:00,Case Reviewer,CASE-0441,REVIEW_SUBMITTED,REVIEW,SUCCESS,Clinical decision recorded: REVIEW_REQUIRED.
1431,2026-08-14T08:51:00,Camp Coordinator,CASE-0442,CASE_CREATED,CASE,SUCCESS,Screening registration opened at Camp-A (North Valley Health Center).
1432,2026-08-14T12:25:00,Imaging Reviewer,CASE-0442,EVIDENCE_VIEWED,IMAGING,SUCCESS,Reviewed OCT capture (GOOD).
1433,2026-08-17T07:51:00,Case Reviewer,CASE-0442,REVIEW_SUBMITTED,REVIEW,SUCCESS,Clinical decision recorded: REVIEW_REQUIRED.
1434,2026-08-01T04:23:00,Camp Coordinator,CASE-0443,CASE_CREATED,CASE,SUCCESS,Screening registration opened at Camp-C (Hillside Community Outpost).
1435,2026-08-01T06:02:00,Imaging Reviewer,CASE-0443,EVIDENCE_VIEWED,IMAGING,SUCCESS,Reviewed OCT capture (GOOD).
1436,2026-08-04T22:23:00,Case Reviewer,CASE-0443,REVIEW_SUBMITTED,REVIEW,SUCCESS,Clinical decision recorded: INSUFFICIENT_EVIDENCE.
1437,2026-08-28T06:18:00,Camp Coordinator,CASE-0444,CASE_CREATED,CASE,SUCCESS,Screening registration opened at Camp-E (Highland Primary Screening).
1438,2026-08-28T10:24:00,Imaging Reviewer,CASE-0444,EVIDENCE_VIEWED,IMAGING,SUCCESS,Reviewed Retinal Image capture (GOOD).
1439,2026-09-02T00:18:00,Case Reviewer,CASE-0444,REVIEW_SUBMITTED,REVIEW,SUCCESS,Clinical decision recorded: REFER.
1440,2026-08-23T05:40:00,Camp Coordinator,CASE-0445,CASE_CREATED,CASE,SUCCESS,Screening registration opened at Camp-B (Eastern Rural Mobile Clinic).
1441,2026-08-23T08:19:00,Imaging Reviewer,CASE-0445,EVIDENCE_VIEWED,IMAGING,SUCCESS,Reviewed Slit Lamp capture (GOOD).
1442,2026-08-25T23:40:00,Case Reviewer,CASE-0445,REVIEW_SUBMITTED,REVIEW,SUCCESS,Clinical decision recorded: CLEAR.
1443,2026-07-16T05:35:00,Camp Coordinator,CASE-0446,CASE_CREATED,CASE,SUCCESS,Screening registration opened at Camp-A (North Valley Health Center).
1444,2026-07-16T06:45:00,Imaging Reviewer,CASE-0446,EVIDENCE_VIEWED,IMAGING,SUCCESS,Reviewed OCT capture (LOW_QUALITY).
1445,2026-07-16T06:45:00,Imaging Reviewer,CASE-0446,LOW_QUALITY_DETECTED,IMAGING,WARNING,Sub-threshold quality score (36.7/100) triggered automated flag.
1446,2026-07-20T00:35:00,Case Reviewer,CASE-0446,REVIEW_SUBMITTED,REVIEW,SUCCESS,Clinical decision recorded: REVIEW_REQUIRED.
1447,2026-09-01T02:08:00,Camp Coordinator,CASE-0447,CASE_CREATED,CASE,SUCCESS,Screening registration opened at Camp-D (Riverdale Outreach Hub).
1448,2026-09-01T03:40:00,Imaging Reviewer,CASE-0447,EVIDENCE_VIEWED,IMAGING,SUCCESS,Reviewed Slit Lamp capture (GOOD).
1449,2026-09-05T19:08:00,Case Reviewer,CASE-0447,CONFLICT_DETECTED,CASE,WARNING,Pathology Severe Abnormality vs Imaging Normal detected by clinical rule engine.
1450,2026-09-05T19:08:00,Case Reviewer,CASE-0447,REVIEW_SUBMITTED,REVIEW,SUCCESS,Clinical decision recorded: REVIEW_REQUIRED.
1451,2026-09-01T06:26:00,Camp Coordinator,CASE-0448,CASE_CREATED,CASE,SUCCESS,Screening registration opened at Camp-B (Eastern Rural Mobile Clinic).
1452,2026-09-01T09:54:00,Imaging Reviewer,CASE-0448,EVIDENCE_VIEWED,IMAGING,SUCCESS,Reviewed Retinal Image capture (GOOD).
1453,2026-09-03T21:26:00,Case Reviewer,CASE-0448,REVIEW_SUBMITTED,REVIEW,SUCCESS,Clinical decision recorded: INSUFFICIENT_EVIDENCE.
1454,2026-07-23T03:01:00,Camp Coordinator,CASE-0449,CASE_CREATED,CASE,SUCCESS,Screening registration opened at Camp-C (Hillside Community Outpost).
1455,2026-07-23T07:08:00,Imaging Reviewer,CASE-0449,EVIDENCE_VIEWED,IMAGING,SUCCESS,Reviewed OCT capture (GOOD).
1456,2026-07-26T19:01:00,Case Reviewer,CASE-0449,REVIEW_SUBMITTED,REVIEW,SUCCESS,Clinical decision recorded: REFER.
1457,2026-07-23T08:40:00,Camp Coordinator,CASE-0450,CASE_CREATED,CASE,SUCCESS,Screening registration opened at Camp-D (Riverdale Outreach Hub).
1458,2026-07-23T10:15:00,Imaging Reviewer,CASE-0450,EVIDENCE_VIEWED,IMAGING,SUCCESS,Reviewed Retinal Image capture (GOOD).
1459,2026-07-27T20:40:00,Case Reviewer,CASE-0450,REVIEW_SUBMITTED,REVIEW,SUCCESS,Clinical decision recorded: REVIEW_REQUIRED.
1460,2026-07-17T04:38:00,Camp Coordinator,CASE-0451,CASE_CREATED,CASE,SUCCESS,Screening registration opened at Camp-D (Riverdale Outreach Hub).
1461,2026-07-17T07:20:00,Imaging Reviewer,CASE-0451,EVIDENCE_VIEWED,IMAGING,SUCCESS,Reviewed Fundus capture (GOOD).
1462,2026-07-19T14:38:00,Case Reviewer,CASE-0451,REVIEW_SUBMITTED,REVIEW,SUCCESS,Clinical decision recorded: REVIEW_REQUIRED.
1463,2026-07-22T23:34:00,Camp Coordinator,CASE-0452,CASE_CREATED,CASE,SUCCESS,Screening registration opened at Camp-D (Riverdale Outreach Hub).
1464,2026-07-23T03:11:00,Imaging Reviewer,CASE-0452,EVIDENCE_VIEWED,IMAGING,SUCCESS,Reviewed Slit Lamp capture (ACCEPTABLE).
1465,2026-07-27T15:34:00,Case Reviewer,CASE-0452,REVIEW_SUBMITTED,REVIEW,SUCCESS,Clinical decision recorded: REVIEW_REQUIRED.
1466,2026-08-26T05:30:00,Camp Coordinator,CASE-0453,CASE_CREATED,CASE,SUCCESS,Screening registration opened at Camp-A (North Valley Health Center).
1467,2026-08-26T10:10:00,Imaging Reviewer,CASE-0453,EVIDENCE_VIEWED,IMAGING,SUCCESS,Reviewed Fundus capture (GOOD).
1468,2026-08-30T19:30:00,Case Reviewer,CASE-0453,REVIEW_SUBMITTED,REVIEW,SUCCESS,Clinical decision recorded: CLEAR.
1469,2026-07-22T23:45:00,Camp Coordinator,CASE-0454,CASE_CREATED,CASE,SUCCESS,Screening registration opened at Camp-B (Eastern Rural Mobile Clinic).
1470,2026-07-23T04:08:00,Imaging Reviewer,CASE-0454,EVIDENCE_VIEWED,IMAGING,SUCCESS,Reviewed Retinal Image capture (GOOD).
1471,2026-07-27T14:45:00,Case Reviewer,CASE-0454,REVIEW_SUBMITTED,REVIEW,SUCCESS,Clinical decision recorded: REVIEW_REQUIRED.
1472,2026-08-24T06:29:00,Camp Coordinator,CASE-0455,CASE_CREATED,CASE,SUCCESS,Screening registration opened at Camp-B (Eastern Rural Mobile Clinic).
1473,2026-08-24T08:49:00,Imaging Reviewer,CASE-0455,EVIDENCE_VIEWED,IMAGING,SUCCESS,Reviewed Slit Lamp capture (ACCEPTABLE).
1474,2026-08-28T01:29:00,Case Reviewer,CASE-0455,REVIEW_SUBMITTED,REVIEW,SUCCESS,Clinical decision recorded: CLEAR.
1475,2026-07-25T01:45:00,Camp Coordinator,CASE-0456,CASE_CREATED,CASE,SUCCESS,Screening registration opened at Camp-D (Riverdale Outreach Hub).
1476,2026-07-25T03:11:00,Imaging Reviewer,CASE-0456,EVIDENCE_VIEWED,IMAGING,SUCCESS,Reviewed Slit Lamp capture (GOOD).
1477,2026-07-27T23:45:00,Case Reviewer,CASE-0456,REVIEW_SUBMITTED,REVIEW,SUCCESS,Clinical decision recorded: INSUFFICIENT_EVIDENCE.
1478,2026-08-26T04:06:00,Camp Coordinator,CASE-0457,CASE_CREATED,CASE,SUCCESS,Screening registration opened at Camp-C (Hillside Community Outpost).
1479,2026-08-26T07:16:00,Imaging Reviewer,CASE-0457,EVIDENCE_VIEWED,IMAGING,SUCCESS,Reviewed Fundus capture (ACCEPTABLE).
1480,2026-08-30T22:06:00,Case Reviewer,CASE-0457,REVIEW_SUBMITTED,REVIEW,SUCCESS,Clinical decision recorded: CLEAR.
1481,2026-07-15T05:36:00,Camp Coordinator,CASE-0458,CASE_CREATED,CASE,SUCCESS,Screening registration opened at Camp-E (Highland Primary Screening).
1482,2026-07-15T10:10:00,Imaging Reviewer,CASE-0458,EVIDENCE_VIEWED,IMAGING,SUCCESS,Reviewed Fundus capture (GOOD).
1483,2026-07-18T22:36:00,Case Reviewer,CASE-0458,REVIEW_SUBMITTED,REVIEW,SUCCESS,Clinical decision recorded: REVIEW_REQUIRED.
1484,2026-08-17T04:31:00,Camp Coordinator,CASE-0459,CASE_CREATED,CASE,SUCCESS,Screening registration opened at Camp-A (North Valley Health Center).
1485,2026-08-17T07:11:00,Imaging Reviewer,CASE-0459,EVIDENCE_VIEWED,IMAGING,SUCCESS,Reviewed Slit Lamp capture (GOOD).
1486,2026-08-21T03:31:00,Case Reviewer,CASE-0459,REVIEW_SUBMITTED,REVIEW,SUCCESS,Clinical decision recorded: REVIEW_REQUIRED.
1487,2026-07-23T06:11:00,Camp Coordinator,CASE-0460,CASE_CREATED,CASE,SUCCESS,Screening registration opened at Camp-D (Riverdale Outreach Hub).
1488,2026-07-23T09:26:00,Imaging Reviewer,CASE-0460,EVIDENCE_VIEWED,IMAGING,SUCCESS,Reviewed OCT capture (GOOD).
1489,2026-07-28T03:11:00,Case Reviewer,CASE-0460,CONFLICT_DETECTED,CASE,WARNING,Pathology Severe Abnormality vs Imaging Normal detected by clinical rule engine.
1490,2026-07-28T03:11:00,Case Reviewer,CASE-0460,REVIEW_SUBMITTED,REVIEW,SUCCESS,Clinical decision recorded: REVIEW_REQUIRED.
1491,2026-08-26T23:01:00,Camp Coordinator,CASE-0461,CASE_CREATED,CASE,SUCCESS,Screening registration opened at Camp-D (Riverdale Outreach Hub).
1492,2026-08-27T03:12:00,Imaging Reviewer,CASE-0461,EVIDENCE_VIEWED,IMAGING,SUCCESS,Reviewed Slit Lamp capture (GOOD).
1493,2026-08-29T14:01:00,Case Reviewer,CASE-0461,REVIEW_SUBMITTED,REVIEW,SUCCESS,Clinical decision recorded: REFER.
1494,2026-08-17T08:05:00,Camp Coordinator,CASE-0462,CASE_CREATED,CASE,SUCCESS,Screening registration opened at Camp-E (Highland Primary Screening).
1495,2026-08-17T10:36:00,Imaging Reviewer,CASE-0462,EVIDENCE_VIEWED,IMAGING,SUCCESS,Reviewed OCT capture (GOOD).
1496,2026-08-21T03:05:00,Case Reviewer,CASE-0462,REVIEW_SUBMITTED,REVIEW,SUCCESS,Clinical decision recorded: REVIEW_REQUIRED.
1497,2026-07-19T05:09:00,Camp Coordinator,CASE-0463,CASE_CREATED,CASE,SUCCESS,Screening registration opened at Camp-E (Highland Primary Screening).
1498,2026-07-19T09:48:00,Imaging Reviewer,CASE-0463,EVIDENCE_VIEWED,IMAGING,SUCCESS,Reviewed Slit Lamp capture (ACCEPTABLE).
1499,2026-07-24T02:09:00,Case Reviewer,CASE-0463,REVIEW_SUBMITTED,REVIEW,SUCCESS,Clinical decision recorded: CLEAR.
1500,2026-07-28T08:02:00,Camp Coordinator,CASE-0464,CASE_CREATED,CASE,SUCCESS,Screening registration opened at Camp-C (Hillside Community Outpost).
1501,2026-07-28T11:43:00,Imaging Reviewer,CASE-0464,EVIDENCE_VIEWED,IMAGING,SUCCESS,Reviewed Slit Lamp capture (GOOD).
1502,2026-08-02T07:02:00,Case Reviewer,CASE-0464,REVIEW_SUBMITTED,REVIEW,SUCCESS,Clinical decision recorded: REVIEW_REQUIRED.
1503,2026-07-24T08:14:00,Camp Coordinator,CASE-0465,CASE_CREATED,CASE,SUCCESS,Screening registration opened at Camp-C (Hillside Community Outpost).
1504,2026-07-24T10:31:00,Imaging Reviewer,CASE-0465,EVIDENCE_VIEWED,IMAGING,SUCCESS,Reviewed OCT capture (GOOD).
1505,2026-07-28T01:14:00,Case Reviewer,CASE-0465,REVIEW_SUBMITTED,REVIEW,SUCCESS,Clinical decision recorded: INSUFFICIENT_EVIDENCE.
1506,2026-08-01T07:48:00,Camp Coordinator,CASE-0466,CASE_CREATED,CASE,SUCCESS,Screening registration opened at Camp-C (Hillside Community Outpost).
1507,2026-08-01T09:14:00,Imaging Reviewer,CASE-0466,EVIDENCE_VIEWED,IMAGING,SUCCESS,Reviewed Retinal Image capture (GOOD).
1508,2026-08-03T20:48:00,Case Reviewer,CASE-0466,CONFLICT_DETECTED,CASE,WARNING,Pathology Severe Abnormality vs Imaging Normal detected by clinical rule engine.
1509,2026-08-03T20:48:00,Case Reviewer,CASE-0466,REVIEW_SUBMITTED,REVIEW,SUCCESS,Clinical decision recorded: REVIEW_REQUIRED.
1510,2026-07-27T03:05:00,Camp Coordinator,CASE-0467,CASE_CREATED,CASE,SUCCESS,Screening registration opened at Camp-A (North Valley Health Center).
1511,2026-07-27T05:32:00,Imaging Reviewer,CASE-0467,EVIDENCE_VIEWED,IMAGING,SUCCESS,Reviewed Fundus capture (GOOD).
1512,2026-07-29T18:05:00,Case Reviewer,CASE-0467,REVIEW_SUBMITTED,REVIEW,SUCCESS,Clinical decision recorded: REFER.
1513,2026-08-01T05:21:00,Camp Coordinator,CASE-0468,CASE_CREATED,CASE,SUCCESS,Screening registration opened at Camp-B (Eastern Rural Mobile Clinic).
1514,2026-08-01T09:54:00,Imaging Reviewer,CASE-0468,EVIDENCE_VIEWED,IMAGING,SUCCESS,Reviewed Fundus capture (GOOD).
1515,2026-08-05T03:21:00,Case Reviewer,CASE-0468,REVIEW_SUBMITTED,REVIEW,SUCCESS,Clinical decision recorded: INSUFFICIENT_EVIDENCE.
1516,2026-07-22T05:41:00,Camp Coordinator,CASE-0469,CASE_CREATED,CASE,SUCCESS,Screening registration opened at Camp-C (Hillside Community Outpost).
1517,2026-07-22T10:13:00,Imaging Reviewer,CASE-0469,EVIDENCE_VIEWED,IMAGING,SUCCESS,Reviewed Retinal Image capture (ACCEPTABLE).
1518,2026-07-26T23:41:00,Case Reviewer,CASE-0469,REVIEW_SUBMITTED,REVIEW,SUCCESS,Clinical decision recorded: REVIEW_REQUIRED.
1519,2026-07-16T08:25:00,Camp Coordinator,CASE-0470,CASE_CREATED,CASE,SUCCESS,Screening registration opened at Camp-A (North Valley Health Center).
1520,2026-07-16T09:57:00,Imaging Reviewer,CASE-0470,EVIDENCE_VIEWED,IMAGING,SUCCESS,Reviewed OCT capture (LOW_QUALITY).
1521,2026-07-16T09:57:00,Imaging Reviewer,CASE-0470,LOW_QUALITY_DETECTED,IMAGING,WARNING,Sub-threshold quality score (36.7/100) triggered automated flag.
1522,2026-07-20T23:25:00,Case Reviewer,CASE-0470,REVIEW_SUBMITTED,REVIEW,SUCCESS,Clinical decision recorded: REVIEW_REQUIRED.
1523,2026-08-14T08:02:00,Camp Coordinator,CASE-0471,CASE_CREATED,CASE,SUCCESS,Screening registration opened at Camp-B (Eastern Rural Mobile Clinic).
1524,2026-08-14T12:09:00,Imaging Reviewer,CASE-0471,EVIDENCE_VIEWED,IMAGING,SUCCESS,Reviewed OCT capture (ACCEPTABLE).
1525,2026-08-17T23:02:00,Case Reviewer,CASE-0471,REVIEW_SUBMITTED,REVIEW,SUCCESS,Clinical decision recorded: CLEAR.
1526,2026-08-04T06:17:00,Camp Coordinator,CASE-0472,CASE_CREATED,CASE,SUCCESS,Screening registration opened at Camp-B (Eastern Rural Mobile Clinic).
1527,2026-08-04T07:33:00,Imaging Reviewer,CASE-0472,EVIDENCE_VIEWED,IMAGING,SUCCESS,Reviewed Slit Lamp capture (LOW_QUALITY).
1528,2026-08-04T07:33:00,Imaging Reviewer,CASE-0472,LOW_QUALITY_DETECTED,IMAGING,WARNING,Sub-threshold quality score (28.8/100) triggered automated flag.
1529,2026-08-06T23:17:00,Case Reviewer,CASE-0472,REVIEW_SUBMITTED,REVIEW,SUCCESS,Clinical decision recorded: REVIEW_REQUIRED.
1530,2026-07-30T08:29:00,Camp Coordinator,CASE-0473,CASE_CREATED,CASE,SUCCESS,Screening registration opened at Camp-D (Riverdale Outreach Hub).
1531,2026-07-30T09:38:00,Imaging Reviewer,CASE-0473,EVIDENCE_VIEWED,IMAGING,SUCCESS,Reviewed OCT capture (ACCEPTABLE).
1532,2026-08-02T02:29:00,Case Reviewer,CASE-0473,REVIEW_SUBMITTED,REVIEW,SUCCESS,Clinical decision recorded: INSUFFICIENT_EVIDENCE.
1533,2026-08-16T06:37:00,Camp Coordinator,CASE-0474,CASE_CREATED,CASE,SUCCESS,Screening registration opened at Camp-D (Riverdale Outreach Hub).
1534,2026-08-16T07:56:00,Imaging Reviewer,CASE-0474,EVIDENCE_VIEWED,IMAGING,SUCCESS,Reviewed OCT capture (GOOD).
1535,2026-08-20T01:37:00,Case Reviewer,CASE-0474,CONFLICT_DETECTED,CASE,WARNING,Pathology Severe Abnormality vs Imaging Normal detected by clinical rule engine.
1536,2026-08-20T01:37:00,Case Reviewer,CASE-0474,REVIEW_SUBMITTED,REVIEW,SUCCESS,Clinical decision recorded: REVIEW_REQUIRED.
1537,2026-07-29T08:20:00,Camp Coordinator,CASE-0475,CASE_CREATED,CASE,SUCCESS,Screening registration opened at Camp-B (Eastern Rural Mobile Clinic).
1538,2026-07-29T10:25:00,Imaging Reviewer,CASE-0475,EVIDENCE_VIEWED,IMAGING,SUCCESS,Reviewed Retinal Image capture (ACCEPTABLE).
1539,2026-08-01T07:20:00,Case Reviewer,CASE-0475,REVIEW_SUBMITTED,REVIEW,SUCCESS,Clinical decision recorded: INSUFFICIENT_EVIDENCE.
1540,2026-07-22T02:41:00,Camp Coordinator,CASE-0476,CASE_CREATED,CASE,SUCCESS,Screening registration opened at Camp-E (Highland Primary Screening).
1541,2026-07-22T06:26:00,Imaging Reviewer,CASE-0476,EVIDENCE_VIEWED,IMAGING,SUCCESS,Reviewed Retinal Image capture (GOOD).
1542,2026-07-25T17:41:00,Case Reviewer,CASE-0476,REVIEW_SUBMITTED,REVIEW,SUCCESS,Clinical decision recorded: INSUFFICIENT_EVIDENCE.
1543,2026-07-29T05:34:00,Camp Coordinator,CASE-0477,CASE_CREATED,CASE,SUCCESS,Screening registration opened at Camp-B (Eastern Rural Mobile Clinic).
1544,2026-07-29T10:07:00,Imaging Reviewer,CASE-0477,EVIDENCE_VIEWED,IMAGING,SUCCESS,Reviewed Retinal Image capture (GOOD).
1545,2026-07-29T19:34:00,Administrator,CASE-0477,LINEAGE_ERROR_DETECTED,SPECIMEN,FAILED,Lost specimen accession tag for SPEC-0477 during central lab transport.
1546,2026-08-01T23:34:00,Case Reviewer,CASE-0477,REVIEW_SUBMITTED,REVIEW,SUCCESS,Clinical decision recorded: INSUFFICIENT_EVIDENCE.
1547,2026-08-19T02:50:00,Camp Coordinator,CASE-0478,CASE_CREATED,CASE,SUCCESS,Screening registration opened at Camp-D (Riverdale Outreach Hub).
1548,2026-08-19T06:58:00,Imaging Reviewer,CASE-0478,EVIDENCE_VIEWED,IMAGING,SUCCESS,Reviewed OCT capture (ACCEPTABLE).
1549,2026-08-24T00:50:00,Case Reviewer,CASE-0478,REVIEW_SUBMITTED,REVIEW,SUCCESS,Clinical decision recorded: REVIEW_REQUIRED.
1550,2026-07-16T06:11:00,Camp Coordinator,CASE-0479,CASE_CREATED,CASE,SUCCESS,Screening registration opened at Camp-D (Riverdale Outreach Hub).
1551,2026-07-16T07:16:00,Imaging Reviewer,CASE-0479,EVIDENCE_VIEWED,IMAGING,SUCCESS,Reviewed Fundus capture (ACCEPTABLE).
1552,2026-07-20T01:11:00,Case Reviewer,CASE-0479,REVIEW_SUBMITTED,REVIEW,SUCCESS,Clinical decision recorded: INSUFFICIENT_EVIDENCE.
1553,2026-08-11T06:41:00,Camp Coordinator,CASE-0480,CASE_CREATED,CASE,SUCCESS,Screening registration opened at Camp-C (Hillside Community Outpost).
1554,2026-08-11T10:56:00,Imaging Reviewer,CASE-0480,EVIDENCE_VIEWED,IMAGING,SUCCESS,Reviewed Retinal Image capture (LOW_QUALITY).
1555,2026-08-11T10:56:00,Imaging Reviewer,CASE-0480,LOW_QUALITY_DETECTED,IMAGING,WARNING,Sub-threshold quality score (41.1/100) triggered automated flag.
1556,2026-08-13T20:41:00,Case Reviewer,CASE-0480,REVIEW_SUBMITTED,REVIEW,SUCCESS,Clinical decision recorded: REVIEW_REQUIRED.
1557,2026-08-03T23:23:00,Camp Coordinator,CASE-0481,CASE_CREATED,CASE,SUCCESS,Screening registration opened at Camp-B (Eastern Rural Mobile Clinic).
1558,2026-08-04T02:33:00,Imaging Reviewer,CASE-0481,EVIDENCE_VIEWED,IMAGING,SUCCESS,Reviewed Slit Lamp capture (ACCEPTABLE).
1559,2026-08-07T17:23:00,Case Reviewer,CASE-0481,REVIEW_SUBMITTED,REVIEW,SUCCESS,Clinical decision recorded: INSUFFICIENT_EVIDENCE.
1560,2026-08-09T04:47:00,Camp Coordinator,CASE-0482,CASE_CREATED,CASE,SUCCESS,Screening registration opened at Camp-E (Highland Primary Screening).
1561,2026-08-09T07:11:00,Imaging Reviewer,CASE-0482,EVIDENCE_VIEWED,IMAGING,SUCCESS,Reviewed Slit Lamp capture (GOOD).
1562,2026-08-13T20:47:00,Case Reviewer,CASE-0482,REVIEW_SUBMITTED,REVIEW,SUCCESS,Clinical decision recorded: REVIEW_REQUIRED.
1563,2026-08-30T04:15:00,Camp Coordinator,CASE-0483,CASE_CREATED,CASE,SUCCESS,Screening registration opened at Camp-D (Riverdale Outreach Hub).
1564,2026-08-30T08:41:00,Imaging Reviewer,CASE-0483,EVIDENCE_VIEWED,IMAGING,SUCCESS,Reviewed OCT capture (GOOD).
1565,2026-09-03T19:15:00,Case Reviewer,CASE-0483,REVIEW_SUBMITTED,REVIEW,SUCCESS,Clinical decision recorded: REFER.
1566,2026-08-22T23:08:00,Camp Coordinator,CASE-0484,CASE_CREATED,CASE,SUCCESS,Screening registration opened at Camp-B (Eastern Rural Mobile Clinic).
1567,2026-08-23T02:52:00,Imaging Reviewer,CASE-0484,EVIDENCE_VIEWED,IMAGING,SUCCESS,Reviewed Fundus capture (ACCEPTABLE).
1568,2026-08-27T14:08:00,Case Reviewer,CASE-0484,REVIEW_SUBMITTED,REVIEW,SUCCESS,Clinical decision recorded: REFER.
1569,2026-07-18T07:35:00,Camp Coordinator,CASE-0485,CASE_CREATED,CASE,SUCCESS,Screening registration opened at Camp-C (Hillside Community Outpost).
1570,2026-07-18T12:18:00,Imaging Reviewer,CASE-0485,EVIDENCE_VIEWED,IMAGING,SUCCESS,Reviewed OCT capture (GOOD).
1571,2026-07-20T20:35:00,Case Reviewer,CASE-0485,REVIEW_SUBMITTED,REVIEW,SUCCESS,Clinical decision recorded: INSUFFICIENT_EVIDENCE.
1572,2026-07-26T04:21:00,Camp Coordinator,CASE-0486,CASE_CREATED,CASE,SUCCESS,Screening registration opened at Camp-D (Riverdale Outreach Hub).
1573,2026-07-26T06:59:00,Imaging Reviewer,CASE-0486,EVIDENCE_VIEWED,IMAGING,SUCCESS,Reviewed Fundus capture (GOOD).
1574,2026-07-26T20:21:00,Administrator,CASE-0486,LINEAGE_ERROR_DETECTED,SPECIMEN,FAILED,Lost specimen accession tag for SPEC-0486 during central lab transport.
1575,2026-07-29T02:21:00,Case Reviewer,CASE-0486,REVIEW_SUBMITTED,REVIEW,SUCCESS,Clinical decision recorded: INSUFFICIENT_EVIDENCE.
1576,2026-07-20T07:23:00,Camp Coordinator,CASE-0487,CASE_CREATED,CASE,SUCCESS,Screening registration opened at Camp-C (Hillside Community Outpost).
1577,2026-07-20T11:47:00,Imaging Reviewer,CASE-0487,EVIDENCE_VIEWED,IMAGING,SUCCESS,Reviewed Retinal Image capture (ACCEPTABLE).
1578,2026-07-23T06:23:00,Case Reviewer,CASE-0487,REVIEW_SUBMITTED,REVIEW,SUCCESS,Clinical decision recorded: REFER.
1579,2026-09-01T02:09:00,Camp Coordinator,CASE-0488,CASE_CREATED,CASE,SUCCESS,Screening registration opened at Camp-B (Eastern Rural Mobile Clinic).
1580,2026-09-01T04:31:00,Imaging Reviewer,CASE-0488,EVIDENCE_VIEWED,IMAGING,SUCCESS,Reviewed Slit Lamp capture (ACCEPTABLE).
1581,2026-09-05T02:09:00,Case Reviewer,CASE-0488,REVIEW_SUBMITTED,REVIEW,SUCCESS,Clinical decision recorded: INSUFFICIENT_EVIDENCE.
1582,2026-07-21T08:37:00,Camp Coordinator,CASE-0489,CASE_CREATED,CASE,SUCCESS,Screening registration opened at Camp-A (North Valley Health Center).
1583,2026-07-21T12:55:00,Imaging Reviewer,CASE-0489,EVIDENCE_VIEWED,IMAGING,SUCCESS,Reviewed Retinal Image capture (GOOD).
1584,2026-07-24T03:37:00,Case Reviewer,CASE-0489,REVIEW_SUBMITTED,REVIEW,SUCCESS,Clinical decision recorded: INSUFFICIENT_EVIDENCE.
1585,2026-08-04T03:33:00,Camp Coordinator,CASE-0490,CASE_CREATED,CASE,SUCCESS,Screening registration opened at Camp-B (Eastern Rural Mobile Clinic).
1586,2026-08-04T07:55:00,Imaging Reviewer,CASE-0490,EVIDENCE_VIEWED,IMAGING,SUCCESS,Reviewed Slit Lamp capture (GOOD).
1587,2026-08-07T20:33:00,Case Reviewer,CASE-0490,REVIEW_SUBMITTED,REVIEW,SUCCESS,Clinical decision recorded: REVIEW_REQUIRED.
1588,2026-08-01T01:21:00,Camp Coordinator,CASE-0491,CASE_CREATED,CASE,SUCCESS,Screening registration opened at Camp-C (Hillside Community Outpost).
1589,2026-08-01T04:35:00,Imaging Reviewer,CASE-0491,EVIDENCE_VIEWED,IMAGING,SUCCESS,Reviewed Slit Lamp capture (GOOD).
1590,2026-08-05T00:21:00,Case Reviewer,CASE-0491,REVIEW_SUBMITTED,REVIEW,SUCCESS,Clinical decision recorded: CLEAR.
1591,2026-08-29T05:26:00,Camp Coordinator,CASE-0492,CASE_CREATED,CASE,SUCCESS,Screening registration opened at Camp-E (Highland Primary Screening).
1592,2026-08-29T06:50:00,Imaging Reviewer,CASE-0492,EVIDENCE_VIEWED,IMAGING,SUCCESS,Reviewed Slit Lamp capture (ACCEPTABLE).
1593,2026-08-29T20:26:00,Administrator,CASE-0492,LINEAGE_ERROR_DETECTED,SPECIMEN,FAILED,Lost specimen accession tag for SPEC-0492 during central lab transport.
1594,2026-09-01T02:26:00,Case Reviewer,CASE-0492,REVIEW_SUBMITTED,REVIEW,SUCCESS,Clinical decision recorded: INSUFFICIENT_EVIDENCE.
1595,2026-08-03T04:49:00,Camp Coordinator,CASE-0493,CASE_CREATED,CASE,SUCCESS,Screening registration opened at Camp-E (Highland Primary Screening).
1596,2026-08-03T09:17:00,Imaging Reviewer,CASE-0493,EVIDENCE_VIEWED,IMAGING,SUCCESS,Reviewed OCT capture (ACCEPTABLE).
1597,2026-08-06T01:49:00,Case Reviewer,CASE-0493,REVIEW_SUBMITTED,REVIEW,SUCCESS,Clinical decision recorded: INSUFFICIENT_EVIDENCE.
1598,2026-07-14T23:57:00,Camp Coordinator,CASE-0494,CASE_CREATED,CASE,SUCCESS,Screening registration opened at Camp-E (Highland Primary Screening).
1599,2026-07-15T02:08:00,Imaging Reviewer,CASE-0494,EVIDENCE_VIEWED,IMAGING,SUCCESS,Reviewed OCT capture (GOOD).
1600,2026-07-19T18:57:00,Case Reviewer,CASE-0494,REVIEW_SUBMITTED,REVIEW,SUCCESS,Clinical decision recorded: INSUFFICIENT_EVIDENCE.
1601,2026-07-28T07:07:00,Camp Coordinator,CASE-0495,CASE_CREATED,CASE,SUCCESS,Screening registration opened at Camp-B (Eastern Rural Mobile Clinic).
1602,2026-07-28T09:27:00,Imaging Reviewer,CASE-0495,EVIDENCE_VIEWED,IMAGING,SUCCESS,Reviewed Fundus capture (GOOD).
1603,2026-07-30T23:07:00,Case Reviewer,CASE-0495,REVIEW_SUBMITTED,REVIEW,SUCCESS,Clinical decision recorded: REVIEW_REQUIRED.
1604,2026-07-21T02:24:00,Camp Coordinator,CASE-0496,CASE_CREATED,CASE,SUCCESS,Screening registration opened at Camp-A (North Valley Health Center).
1605,2026-07-21T06:29:00,Imaging Reviewer,CASE-0496,EVIDENCE_VIEWED,IMAGING,SUCCESS,Reviewed Slit Lamp capture (GOOD).
1606,2026-07-24T18:24:00,Case Reviewer,CASE-0496,REVIEW_SUBMITTED,REVIEW,SUCCESS,Clinical decision recorded: INSUFFICIENT_EVIDENCE.
1607,2026-08-08T06:06:00,Camp Coordinator,CASE-0497,CASE_CREATED,CASE,SUCCESS,Screening registration opened at Camp-B (Eastern Rural Mobile Clinic).
1608,2026-08-08T10:18:00,Imaging Reviewer,CASE-0497,EVIDENCE_VIEWED,IMAGING,SUCCESS,Reviewed Slit Lamp capture (LOW_QUALITY).
1609,2026-08-08T10:18:00,Imaging Reviewer,CASE-0497,LOW_QUALITY_DETECTED,IMAGING,WARNING,Sub-threshold quality score (35.4/100) triggered automated flag.
1610,2026-08-12T22:06:00,Case Reviewer,CASE-0497,REVIEW_SUBMITTED,REVIEW,SUCCESS,Clinical decision recorded: REVIEW_REQUIRED.
1611,2026-07-26T04:36:00,Camp Coordinator,CASE-0498,CASE_CREATED,CASE,SUCCESS,Screening registration opened at Camp-D (Riverdale Outreach Hub).
1612,2026-07-26T07:13:00,Imaging Reviewer,CASE-0498,EVIDENCE_VIEWED,IMAGING,SUCCESS,Reviewed Fundus capture (ACCEPTABLE).
1613,2026-07-30T00:36:00,Case Reviewer,CASE-0498,REVIEW_SUBMITTED,REVIEW,SUCCESS,Clinical decision recorded: CLEAR.
1614,2026-09-01T08:20:00,Camp Coordinator,CASE-0499,CASE_CREATED,CASE,SUCCESS,Screening registration opened at Camp-A (North Valley Health Center).
1615,2026-09-01T10:31:00,Imaging Reviewer,CASE-0499,EVIDENCE_VIEWED,IMAGING,SUCCESS,Reviewed Fundus capture (ACCEPTABLE).
1616,2026-09-04T21:20:00,Case Reviewer,CASE-0499,REVIEW_SUBMITTED,REVIEW,SUCCESS,Clinical decision recorded: REVIEW_REQUIRED.
1617,2026-09-01T07:54:00,Camp Coordinator,CASE-0500,CASE_CREATED,CASE,SUCCESS,Screening registration opened at Camp-B (Eastern Rural Mobile Clinic).
1618,2026-09-01T09:08:00,Imaging Reviewer,CASE-0500,EVIDENCE_VIEWED,IMAGING,SUCCESS,Reviewed OCT capture (ACCEPTABLE).
1619,2026-09-06T00:54:00,Case Reviewer,CASE-0500,REVIEW_SUBMITTED,REVIEW,SUCCESS,Clinical decision recorded: INSUFFICIENT_EVIDENCE.
